name,date,status,note,association
מפקד פלוגה,2026-04-26,activity,תרגיל,מפקדה
מפקד פלוגה,2026-04-27,activity,,מפקדה
מפקד פלוגה,2026-04-28,activity,,מפקדה
מפקד פלוגה,2026-04-29,activity,,מפקדה
מפקד פלוגה,2026-04-30,activity,,מפקדה
מפקד פלוגה,2026-05-01,activity,,מפקדה
מפקד פלוגה,2026-05-02,activity,,מפקדה
מפקד פלוגה,2026-05-03,activity,,מפקדה
מפקד פלוגה,2026-05-04,activity,,מפקדה
מפקד פלוגה,2026-05-05,activity,,מפקדה
מפקד פלוגה,2026-05-06,activity,,מפקדה
מפקד פלוגה,2026-05-07,activity,,מפקדה
מפקד פלוגה,2026-05-08,switch-home,,מפקדה
מפקד פלוגה,2026-05-09,home,,מפקדה
מפקד פלוגה,2026-05-10,switch-base,,מפקדה
מפקד פלוגה,2026-05-11,activity,,מפקדה
מפקד פלוגה,2026-05-12,activity,,מפקדה
מפקד פלוגה,2026-05-13,activity,,מפקדה
מפקד פלוגה,2026-05-14,activity,,מפקדה
מפקד פלוגה,2026-05-15,activity,,מפקדה
מפקד פלוגה,2026-05-16,activity,,מפקדה
מפקד פלוגה,2026-05-17,activity,,מפקדה
מפקד פלוגה,2026-05-18,activity,תרגיל,מפקדה
מפקד פלוגה,2026-05-19,activity,,מפקדה
מפקד פלוגה,2026-05-20,activity,,מפקדה
מפקד פלוגה,2026-05-21,activity,,מפקדה
מפקד פלוגה,2026-05-22,activity,,מפקדה
מפקד פלוגה,2026-05-23,activity,,מפקדה
מפקד פלוגה,2026-05-24,activity,,מפקדה
מפקד פלוגה,2026-05-25,activity,אימון ירי,מפקדה
מפקד פלוגה,2026-05-26,activity,,מפקדה
מפקד פלוגה,2026-05-27,activity,,מפקדה
מפקד פלוגה,2026-05-28,activity,,מפקדה
מפקד פלוגה,2026-05-29,activity,,מפקדה
מפקד פלוגה,2026-05-30,activity,,מפקדה
מפקד פלוגה,2026-05-31,activity,,מפקדה
מפקד פלוגה,2026-06-01,activity,,מפקדה
מפקד פלוגה,2026-06-02,activity,,מפקדה
מפקד פלוגה,2026-06-03,activity,,מפקדה
מפקד פלוגה,2026-06-04,activity,,מפקדה
מפקד פלוגה,2026-06-05,activity,,מפקדה
מפקד פלוגה,2026-06-06,activity,,מפקדה
מפקד פלוגה,2026-06-07,activity,תרגיל,מפקדה
מפקד פלוגה,2026-06-08,activity,,מפקדה
מפקד פלוגה,2026-06-09,activity,,מפקדה
מפקד פלוגה,2026-06-10,activity,,מפקדה
מפקד פלוגה,2026-06-11,activity,,מפקדה
מפקד פלוגה,2026-06-12,activity,תדריך,מפקדה
מפקד פלוגה,2026-06-13,activity,,מפקדה
מפקד פלוגה,2026-06-14,activity,תדריך,מפקדה
מפקד פלוגה,2026-06-15,activity,,מפקדה
מפקד פלוגה,2026-06-16,activity,,מפקדה
מפקד פלוגה,2026-06-17,activity,,מפקדה
מפקד פלוגה,2026-06-18,activity,,מפקדה
סגן מפקד פלוגה,2026-04-26,activity,,מפקדה
סגן מפקד פלוגה,2026-04-27,activity,,מפקדה
סגן מפקד פלוגה,2026-04-28,activity,,מפקדה
סגן מפקד פלוגה,2026-04-29,activity,,מפקדה
סגן מפקד פלוגה,2026-04-30,activity,,מפקדה
סגן מפקד פלוגה,2026-05-01,activity,,מפקדה
סגן מפקד פלוגה,2026-05-02,activity,,מפקדה
סגן מפקד פלוגה,2026-05-03,activity,,מפקדה
סגן מפקד פלוגה,2026-05-04,activity,,מפקדה
סגן מפקד פלוגה,2026-05-05,activity,אימון ירי,מפקדה
סגן מפקד פלוגה,2026-05-06,activity,,מפקדה
סגן מפקד פלוגה,2026-05-07,activity,,מפקדה
סגן מפקד פלוגה,2026-05-08,activity,,מפקדה
סגן מפקד פלוגה,2026-05-09,activity,,מפקדה
סגן מפקד פלוגה,2026-05-10,activity,,מפקדה
סגן מפקד פלוגה,2026-05-11,activity,,מפקדה
סגן מפקד פלוגה,2026-05-12,activity,,מפקדה
סגן מפקד פלוגה,2026-05-13,activity,,מפקדה
סגן מפקד פלוגה,2026-05-14,activity,,מפקדה
סגן מפקד פלוגה,2026-05-15,activity,,מפקדה
סגן מפקד פלוגה,2026-05-16,activity,,מפקדה
סגן מפקד פלוגה,2026-05-17,activity,,מפקדה
סגן מפקד פלוגה,2026-05-18,activity,,מפקדה
סגן מפקד פלוגה,2026-05-19,activity,,מפקדה
סגן מפקד פלוגה,2026-05-20,activity,,מפקדה
סגן מפקד פלוגה,2026-05-21,activity,,מפקדה
סגן מפקד פלוגה,2026-05-22,switch-home,,מפקדה
סגן מפקד פלוגה,2026-05-23,home,,מפקדה
סגן מפקד פלוגה,2026-05-24,switch-base,,מפקדה
סגן מפקד פלוגה,2026-05-25,activity,,מפקדה
סגן מפקד פלוגה,2026-05-26,activity,,מפקדה
סגן מפקד פלוגה,2026-05-27,activity,,מפקדה
סגן מפקד פלוגה,2026-05-28,activity,,מפקדה
סגן מפקד פלוגה,2026-05-29,activity,,מפקדה
סגן מפקד פלוגה,2026-05-30,activity,,מפקדה
סגן מפקד פלוגה,2026-05-31,activity,,מפקדה
סגן מפקד פלוגה,2026-06-01,activity,,מפקדה
סגן מפקד פלוגה,2026-06-02,activity,,מפקדה
סגן מפקד פלוגה,2026-06-03,activity,,מפקדה
סגן מפקד פלוגה,2026-06-04,activity,,מפקדה
סגן מפקד פלוגה,2026-06-05,activity,,מפקדה
סגן מפקד פלוגה,2026-06-06,activity,אבטחה,מפקדה
סגן מפקד פלוגה,2026-06-07,activity,,מפקדה
סגן מפקד פלוגה,2026-06-08,activity,תחזוקה,מפקדה
סגן מפקד פלוגה,2026-06-09,activity,,מפקדה
סגן מפקד פלוגה,2026-06-10,activity,,מפקדה
סגן מפקד פלוגה,2026-06-11,activity,,מפקדה
סגן מפקד פלוגה,2026-06-12,activity,,מפקדה
סגן מפקד פלוגה,2026-06-13,activity,,מפקדה
סגן מפקד פלוגה,2026-06-14,activity,,מפקדה
סגן מפקד פלוגה,2026-06-15,activity,,מפקדה
סגן מפקד פלוגה,2026-06-16,activity,,מפקדה
סגן מפקד פלוגה,2026-06-17,activity,,מפקדה
סגן מפקד פלוגה,2026-06-18,activity,,מפקדה
מפקד מחלקה 1,2026-04-26,activity,,מחלקה 1
מפקד מחלקה 1,2026-04-27,activity,אבטחה,מחלקה 1
מפקד מחלקה 1,2026-04-28,activity,,מחלקה 1
מפקד מחלקה 1,2026-04-29,activity,,מחלקה 1
מפקד מחלקה 1,2026-04-30,switch-home,,מחלקה 1
מפקד מחלקה 1,2026-05-01,home,,מחלקה 1
מפקד מחלקה 1,2026-05-02,home,,מחלקה 1
מפקד מחלקה 1,2026-05-03,home,,מחלקה 1
מפקד מחלקה 1,2026-05-04,switch-base,,מחלקה 1
מפקד מחלקה 1,2026-05-05,activity,תרגיל,מחלקה 1
מפקד מחלקה 1,2026-05-06,activity,,מחלקה 1
מפקד מחלקה 1,2026-05-07,activity,,מחלקה 1
מפקד מחלקה 1,2026-05-08,activity,,מחלקה 1
מפקד מחלקה 1,2026-05-09,activity,,מחלקה 1
מפקד מחלקה 1,2026-05-10,activity,,מחלקה 1
מפקד מחלקה 1,2026-05-11,activity,,מחלקה 1
מפקד מחלקה 1,2026-05-12,activity,,מחלקה 1
מפקד מחלקה 1,2026-05-13,activity,,מחלקה 1
מפקד מחלקה 1,2026-05-14,activity,,מחלקה 1
מפקד מחלקה 1,2026-05-15,activity,,מחלקה 1
מפקד מחלקה 1,2026-05-16,activity,,מחלקה 1
מפקד מחלקה 1,2026-05-17,activity,,מחלקה 1
מפקד מחלקה 1,2026-05-18,activity,,מחלקה 1
מפקד מחלקה 1,2026-05-19,activity,,מחלקה 1
מפקד מחלקה 1,2026-05-20,switch-home,,מחלקה 1
מפקד מחלקה 1,2026-05-21,home,,מחלקה 1
מפקד מחלקה 1,2026-05-22,home,,מחלקה 1
מפקד מחלקה 1,2026-05-23,home,,מחלקה 1
מפקד מחלקה 1,2026-05-24,switch-base,,מחלקה 1
מפקד מחלקה 1,2026-05-25,activity,,מחלקה 1
מפקד מחלקה 1,2026-05-26,activity,,מחלקה 1
מפקד מחלקה 1,2026-05-27,activity,,מחלקה 1
מפקד מחלקה 1,2026-05-28,activity,,מחלקה 1
מפקד מחלקה 1,2026-05-29,activity,,מחלקה 1
מפקד מחלקה 1,2026-05-30,activity,,מחלקה 1
מפקד מחלקה 1,2026-05-31,activity,,מחלקה 1
מפקד מחלקה 1,2026-06-01,activity,,מחלקה 1
מפקד מחלקה 1,2026-06-02,activity,,מחלקה 1
מפקד מחלקה 1,2026-06-03,activity,,מחלקה 1
מפקד מחלקה 1,2026-06-04,activity,,מחלקה 1
מפקד מחלקה 1,2026-06-05,activity,,מחלקה 1
מפקד מחלקה 1,2026-06-06,activity,,מחלקה 1
מפקד מחלקה 1,2026-06-07,activity,הכשרה,מחלקה 1
מפקד מחלקה 1,2026-06-08,activity,,מחלקה 1
מפקד מחלקה 1,2026-06-09,switch-home,,מחלקה 1
מפקד מחלקה 1,2026-06-10,home,,מחלקה 1
מפקד מחלקה 1,2026-06-11,home,,מחלקה 1
מפקד מחלקה 1,2026-06-12,home,,מחלקה 1
מפקד מחלקה 1,2026-06-13,switch-base,,מחלקה 1
מפקד מחלקה 1,2026-06-14,activity,,מחלקה 1
מפקד מחלקה 1,2026-06-15,activity,,מחלקה 1
מפקד מחלקה 1,2026-06-16,activity,,מחלקה 1
מפקד מחלקה 1,2026-06-17,activity,,מחלקה 1
מפקד מחלקה 1,2026-06-18,activity,,מחלקה 1
מ.כ 1.1,2026-04-26,activity,,מחלקה 1
מ.כ 1.1,2026-04-27,activity,,מחלקה 1
מ.כ 1.1,2026-04-28,activity,,מחלקה 1
מ.כ 1.1,2026-04-29,activity,,מחלקה 1
מ.כ 1.1,2026-04-30,switch-home,,מחלקה 1
מ.כ 1.1,2026-05-01,home,,מחלקה 1
מ.כ 1.1,2026-05-02,home,,מחלקה 1
מ.כ 1.1,2026-05-03,home,,מחלקה 1
מ.כ 1.1,2026-05-04,home,,מחלקה 1
מ.כ 1.1,2026-05-05,home,,מחלקה 1
מ.כ 1.1,2026-05-06,home,,מחלקה 1
מ.כ 1.1,2026-05-07,home,תרגיל,מחלקה 1
מ.כ 1.1,2026-05-08,home,,מחלקה 1
מ.כ 1.1,2026-05-09,switch-base,,מחלקה 1
מ.כ 1.1,2026-05-10,activity,,מחלקה 1
מ.כ 1.1,2026-05-11,activity,,מחלקה 1
מ.כ 1.1,2026-05-12,activity,,מחלקה 1
מ.כ 1.1,2026-05-13,activity,,מחלקה 1
מ.כ 1.1,2026-05-14,activity,,מחלקה 1
מ.כ 1.1,2026-05-15,activity,,מחלקה 1
מ.כ 1.1,2026-05-16,activity,,מחלקה 1
מ.כ 1.1,2026-05-17,activity,,מחלקה 1
מ.כ 1.1,2026-05-18,activity,,מחלקה 1
מ.כ 1.1,2026-05-19,activity,,מחלקה 1
מ.כ 1.1,2026-05-20,switch-home,,מחלקה 1
מ.כ 1.1,2026-05-21,home,,מחלקה 1
מ.כ 1.1,2026-05-22,home,,מחלקה 1
מ.כ 1.1,2026-05-23,home,,מחלקה 1
מ.כ 1.1,2026-05-24,home,תחזוקה,מחלקה 1
מ.כ 1.1,2026-05-25,home,,מחלקה 1
מ.כ 1.1,2026-05-26,home,,מחלקה 1
מ.כ 1.1,2026-05-27,home,,מחלקה 1
מ.כ 1.1,2026-05-28,home,,מחלקה 1
מ.כ 1.1,2026-05-29,switch-base,,מחלקה 1
מ.כ 1.1,2026-05-30,activity,,מחלקה 1
מ.כ 1.1,2026-05-31,activity,,מחלקה 1
מ.כ 1.1,2026-06-01,activity,,מחלקה 1
מ.כ 1.1,2026-06-02,activity,,מחלקה 1
מ.כ 1.1,2026-06-03,activity,,מחלקה 1
מ.כ 1.1,2026-06-04,activity,שמירה,מחלקה 1
מ.כ 1.1,2026-06-05,activity,,מחלקה 1
מ.כ 1.1,2026-06-06,activity,,מחלקה 1
מ.כ 1.1,2026-06-07,activity,,מחלקה 1
מ.כ 1.1,2026-06-08,activity,,מחלקה 1
מ.כ 1.1,2026-06-09,switch-home,אבטחה,מחלקה 1
מ.כ 1.1,2026-06-10,home,,מחלקה 1
מ.כ 1.1,2026-06-11,home,,מחלקה 1
מ.כ 1.1,2026-06-12,home,,מחלקה 1
מ.כ 1.1,2026-06-13,home,שמירה,מחלקה 1
מ.כ 1.1,2026-06-14,home,,מחלקה 1
מ.כ 1.1,2026-06-15,home,,מחלקה 1
מ.כ 1.1,2026-06-16,home,,מחלקה 1
מ.כ 1.1,2026-06-17,home,,מחלקה 1
מ.כ 1.1,2026-06-18,switch-base,,מחלקה 1
מ.כ 1.2,2026-04-26,activity,,מחלקה 1
מ.כ 1.2,2026-04-27,activity,,מחלקה 1
מ.כ 1.2,2026-04-28,activity,,מחלקה 1
מ.כ 1.2,2026-04-29,activity,תחזוקה,מחלקה 1
מ.כ 1.2,2026-04-30,switch-home,,מחלקה 1
מ.כ 1.2,2026-05-01,home,,מחלקה 1
מ.כ 1.2,2026-05-02,home,אבטחה,מחלקה 1
מ.כ 1.2,2026-05-03,home,,מחלקה 1
מ.כ 1.2,2026-05-04,home,,מחלקה 1
מ.כ 1.2,2026-05-05,home,,מחלקה 1
מ.כ 1.2,2026-05-06,home,,מחלקה 1
מ.כ 1.2,2026-05-07,home,,מחלקה 1
מ.כ 1.2,2026-05-08,home,,מחלקה 1
מ.כ 1.2,2026-05-09,switch-base,,מחלקה 1
מ.כ 1.2,2026-05-10,activity,,מחלקה 1
מ.כ 1.2,2026-05-11,activity,אימון ירי,מחלקה 1
מ.כ 1.2,2026-05-12,activity,,מחלקה 1
מ.כ 1.2,2026-05-13,activity,,מחלקה 1
מ.כ 1.2,2026-05-14,activity,,מחלקה 1
מ.כ 1.2,2026-05-15,activity,,מחלקה 1
מ.כ 1.2,2026-05-16,activity,,מחלקה 1
מ.כ 1.2,2026-05-17,activity,,מחלקה 1
מ.כ 1.2,2026-05-18,activity,,מחלקה 1
מ.כ 1.2,2026-05-19,activity,,מחלקה 1
מ.כ 1.2,2026-05-20,switch-home,,מחלקה 1
מ.כ 1.2,2026-05-21,home,,מחלקה 1
מ.כ 1.2,2026-05-22,home,,מחלקה 1
מ.כ 1.2,2026-05-23,home,,מחלקה 1
מ.כ 1.2,2026-05-24,home,אבטחה,מחלקה 1
מ.כ 1.2,2026-05-25,home,,מחלקה 1
מ.כ 1.2,2026-05-26,home,,מחלקה 1
מ.כ 1.2,2026-05-27,home,,מחלקה 1
מ.כ 1.2,2026-05-28,home,,מחלקה 1
מ.כ 1.2,2026-05-29,switch-base,,מחלקה 1
מ.כ 1.2,2026-05-30,activity,,מחלקה 1
מ.כ 1.2,2026-05-31,activity,,מחלקה 1
מ.כ 1.2,2026-06-01,activity,,מחלקה 1
מ.כ 1.2,2026-06-02,activity,תדריך,מחלקה 1
מ.כ 1.2,2026-06-03,activity,,מחלקה 1
מ.כ 1.2,2026-06-04,activity,,מחלקה 1
מ.כ 1.2,2026-06-05,activity,,מחלקה 1
מ.כ 1.2,2026-06-06,activity,,מחלקה 1
מ.כ 1.2,2026-06-07,activity,,מחלקה 1
מ.כ 1.2,2026-06-08,activity,,מחלקה 1
מ.כ 1.2,2026-06-09,switch-home,ביקורת ציוד,מחלקה 1
מ.כ 1.2,2026-06-10,home,,מחלקה 1
מ.כ 1.2,2026-06-11,home,,מחלקה 1
מ.כ 1.2,2026-06-12,home,,מחלקה 1
מ.כ 1.2,2026-06-13,home,,מחלקה 1
מ.כ 1.2,2026-06-14,home,,מחלקה 1
מ.כ 1.2,2026-06-15,home,,מחלקה 1
מ.כ 1.2,2026-06-16,home,,מחלקה 1
מ.כ 1.2,2026-06-17,home,,מחלקה 1
מ.כ 1.2,2026-06-18,switch-base,,מחלקה 1
מ.כ 1.3,2026-04-26,activity,,מחלקה 1
מ.כ 1.3,2026-04-27,activity,,מחלקה 1
מ.כ 1.3,2026-04-28,activity,,מחלקה 1
מ.כ 1.3,2026-04-29,activity,,מחלקה 1
מ.כ 1.3,2026-04-30,switch-home,,מחלקה 1
מ.כ 1.3,2026-05-01,home,,מחלקה 1
מ.כ 1.3,2026-05-02,home,,מחלקה 1
מ.כ 1.3,2026-05-03,home,,מחלקה 1
מ.כ 1.3,2026-05-04,home,,מחלקה 1
מ.כ 1.3,2026-05-05,home,,מחלקה 1
מ.כ 1.3,2026-05-06,home,,מחלקה 1
מ.כ 1.3,2026-05-07,home,,מחלקה 1
מ.כ 1.3,2026-05-08,home,,מחלקה 1
מ.כ 1.3,2026-05-09,switch-base,,מחלקה 1
מ.כ 1.3,2026-05-10,activity,,מחלקה 1
מ.כ 1.3,2026-05-11,activity,,מחלקה 1
מ.כ 1.3,2026-05-12,activity,,מחלקה 1
מ.כ 1.3,2026-05-13,activity,אימון ירי,מחלקה 1
מ.כ 1.3,2026-05-14,activity,,מחלקה 1
מ.כ 1.3,2026-05-15,activity,,מחלקה 1
מ.כ 1.3,2026-05-16,activity,,מחלקה 1
מ.כ 1.3,2026-05-17,activity,,מחלקה 1
מ.כ 1.3,2026-05-18,activity,תחזוקה,מחלקה 1
מ.כ 1.3,2026-05-19,activity,,מחלקה 1
מ.כ 1.3,2026-05-20,switch-home,,מחלקה 1
מ.כ 1.3,2026-05-21,home,,מחלקה 1
מ.כ 1.3,2026-05-22,home,,מחלקה 1
מ.כ 1.3,2026-05-23,home,ביקורת ציוד,מחלקה 1
מ.כ 1.3,2026-05-24,home,,מחלקה 1
מ.כ 1.3,2026-05-25,home,,מחלקה 1
מ.כ 1.3,2026-05-26,home,תחזוקה,מחלקה 1
מ.כ 1.3,2026-05-27,home,,מחלקה 1
מ.כ 1.3,2026-05-28,home,דו״ח,מחלקה 1
מ.כ 1.3,2026-05-29,switch-base,,מחלקה 1
מ.כ 1.3,2026-05-30,activity,,מחלקה 1
מ.כ 1.3,2026-05-31,activity,,מחלקה 1
מ.כ 1.3,2026-06-01,activity,,מחלקה 1
מ.כ 1.3,2026-06-02,activity,,מחלקה 1
מ.כ 1.3,2026-06-03,activity,,מחלקה 1
מ.כ 1.3,2026-06-04,activity,,מחלקה 1
מ.כ 1.3,2026-06-05,activity,,מחלקה 1
מ.כ 1.3,2026-06-06,activity,,מחלקה 1
מ.כ 1.3,2026-06-07,activity,,מחלקה 1
מ.כ 1.3,2026-06-08,activity,,מחלקה 1
מ.כ 1.3,2026-06-09,switch-home,,מחלקה 1
מ.כ 1.3,2026-06-10,home,,מחלקה 1
מ.כ 1.3,2026-06-11,home,,מחלקה 1
מ.כ 1.3,2026-06-12,home,,מחלקה 1
מ.כ 1.3,2026-06-13,home,,מחלקה 1
מ.כ 1.3,2026-06-14,home,,מחלקה 1
מ.כ 1.3,2026-06-15,home,,מחלקה 1
מ.כ 1.3,2026-06-16,home,,מחלקה 1
מ.כ 1.3,2026-06-17,home,,מחלקה 1
מ.כ 1.3,2026-06-18,switch-base,,מחלקה 1
נהג 1.4,2026-04-26,activity,,מחלקה 1
נהג 1.4,2026-04-27,activity,,מחלקה 1
נהג 1.4,2026-04-28,activity,,מחלקה 1
נהג 1.4,2026-04-29,activity,,מחלקה 1
נהג 1.4,2026-04-30,switch-home,,מחלקה 1
נהג 1.4,2026-05-01,home,,מחלקה 1
נהג 1.4,2026-05-02,home,,מחלקה 1
נהג 1.4,2026-05-03,home,,מחלקה 1
נהג 1.4,2026-05-04,home,,מחלקה 1
נהג 1.4,2026-05-05,home,,מחלקה 1
נהג 1.4,2026-05-06,home,,מחלקה 1
נהג 1.4,2026-05-07,home,תדריך,מחלקה 1
נהג 1.4,2026-05-08,home,,מחלקה 1
נהג 1.4,2026-05-09,switch-base,,מחלקה 1
נהג 1.4,2026-05-10,activity,,מחלקה 1
נהג 1.4,2026-05-11,activity,,מחלקה 1
נהג 1.4,2026-05-12,activity,,מחלקה 1
נהג 1.4,2026-05-13,activity,,מחלקה 1
נהג 1.4,2026-05-14,activity,,מחלקה 1
נהג 1.4,2026-05-15,activity,,מחלקה 1
נהג 1.4,2026-05-16,activity,,מחלקה 1
נהג 1.4,2026-05-17,activity,,מחלקה 1
נהג 1.4,2026-05-18,activity,,מחלקה 1
נהג 1.4,2026-05-19,activity,,מחלקה 1
נהג 1.4,2026-05-20,switch-home,,מחלקה 1
נהג 1.4,2026-05-21,home,,מחלקה 1
נהג 1.4,2026-05-22,home,,מחלקה 1
נהג 1.4,2026-05-23,home,,מחלקה 1
נהג 1.4,2026-05-24,home,,מחלקה 1
נהג 1.4,2026-05-25,home,,מחלקה 1
נהג 1.4,2026-05-26,home,,מחלקה 1
נהג 1.4,2026-05-27,home,,מחלקה 1
נהג 1.4,2026-05-28,home,,מחלקה 1
נהג 1.4,2026-05-29,switch-base,,מחלקה 1
נהג 1.4,2026-05-30,activity,,מחלקה 1
נהג 1.4,2026-05-31,activity,,מחלקה 1
נהג 1.4,2026-06-01,activity,,מחלקה 1
נהג 1.4,2026-06-02,activity,,מחלקה 1
נהג 1.4,2026-06-03,activity,,מחלקה 1
נהג 1.4,2026-06-04,activity,,מחלקה 1
נהג 1.4,2026-06-05,activity,,מחלקה 1
נהג 1.4,2026-06-06,activity,,מחלקה 1
נהג 1.4,2026-06-07,activity,,מחלקה 1
נהג 1.4,2026-06-08,activity,,מחלקה 1
נהג 1.4,2026-06-09,switch-home,,מחלקה 1
נהג 1.4,2026-06-10,home,,מחלקה 1
נהג 1.4,2026-06-11,home,ביקורת ציוד,מחלקה 1
נהג 1.4,2026-06-12,home,,מחלקה 1
נהג 1.4,2026-06-13,home,,מחלקה 1
נהג 1.4,2026-06-14,home,,מחלקה 1
נהג 1.4,2026-06-15,home,,מחלקה 1
נהג 1.4,2026-06-16,home,,מחלקה 1
נהג 1.4,2026-06-17,home,,מחלקה 1
נהג 1.4,2026-06-18,switch-base,,מחלקה 1
נהג 1.5,2026-04-26,activity,,מחלקה 1
נהג 1.5,2026-04-27,activity,הכשרה,מחלקה 1
נהג 1.5,2026-04-28,activity,,מחלקה 1
נהג 1.5,2026-04-29,activity,,מחלקה 1
נהג 1.5,2026-04-30,switch-home,,מחלקה 1
נהג 1.5,2026-05-01,home,,מחלקה 1
נהג 1.5,2026-05-02,home,,מחלקה 1
נהג 1.5,2026-05-03,home,,מחלקה 1
נהג 1.5,2026-05-04,home,,מחלקה 1
נהג 1.5,2026-05-05,home,,מחלקה 1
נהג 1.5,2026-05-06,home,,מחלקה 1
נהג 1.5,2026-05-07,home,,מחלקה 1
נהג 1.5,2026-05-08,home,ביקורת ציוד,מחלקה 1
נהג 1.5,2026-05-09,switch-base,,מחלקה 1
נהג 1.5,2026-05-10,activity,,מחלקה 1
נהג 1.5,2026-05-11,activity,,מחלקה 1
נהג 1.5,2026-05-12,activity,אימון ירי,מחלקה 1
נהג 1.5,2026-05-13,activity,,מחלקה 1
נהג 1.5,2026-05-14,activity,,מחלקה 1
נהג 1.5,2026-05-15,activity,,מחלקה 1
נהג 1.5,2026-05-16,activity,,מחלקה 1
נהג 1.5,2026-05-17,activity,,מחלקה 1
נהג 1.5,2026-05-18,activity,,מחלקה 1
נהג 1.5,2026-05-19,activity,,מחלקה 1
נהג 1.5,2026-05-20,switch-home,תדריך,מחלקה 1
נהג 1.5,2026-05-21,home,,מחלקה 1
נהג 1.5,2026-05-22,home,,מחלקה 1
נהג 1.5,2026-05-23,home,,מחלקה 1
נהג 1.5,2026-05-24,home,,מחלקה 1
נהג 1.5,2026-05-25,home,תרגיל,מחלקה 1
נהג 1.5,2026-05-26,home,,מחלקה 1
נהג 1.5,2026-05-27,home,,מחלקה 1
נהג 1.5,2026-05-28,home,,מחלקה 1
נהג 1.5,2026-05-29,switch-base,,מחלקה 1
נהג 1.5,2026-05-30,activity,,מחלקה 1
נהג 1.5,2026-05-31,activity,,מחלקה 1
נהג 1.5,2026-06-01,activity,,מחלקה 1
נהג 1.5,2026-06-02,activity,,מחלקה 1
נהג 1.5,2026-06-03,activity,,מחלקה 1
נהג 1.5,2026-06-04,activity,,מחלקה 1
נהג 1.5,2026-06-05,activity,תדריך,מחלקה 1
נהג 1.5,2026-06-06,activity,,מחלקה 1
נהג 1.5,2026-06-07,activity,,מחלקה 1
נהג 1.5,2026-06-08,activity,,מחלקה 1
נהג 1.5,2026-06-09,switch-home,,מחלקה 1
נהג 1.5,2026-06-10,home,,מחלקה 1
נהג 1.5,2026-06-11,home,,מחלקה 1
נהג 1.5,2026-06-12,home,,מחלקה 1
נהג 1.5,2026-06-13,home,,מחלקה 1
נהג 1.5,2026-06-14,home,,מחלקה 1
נהג 1.5,2026-06-15,home,,מחלקה 1
נהג 1.5,2026-06-16,home,,מחלקה 1
נהג 1.5,2026-06-17,home,תדריך,מחלקה 1
נהג 1.5,2026-06-18,switch-base,,מחלקה 1
נהג 1.6,2026-04-26,activity,,מחלקה 1
נהג 1.6,2026-04-27,activity,,מחלקה 1
נהג 1.6,2026-04-28,activity,,מחלקה 1
נהג 1.6,2026-04-29,activity,,מחלקה 1
נהג 1.6,2026-04-30,switch-home,,מחלקה 1
נהג 1.6,2026-05-01,home,,מחלקה 1
נהג 1.6,2026-05-02,home,,מחלקה 1
נהג 1.6,2026-05-03,home,,מחלקה 1
נהג 1.6,2026-05-04,home,,מחלקה 1
נהג 1.6,2026-05-05,home,,מחלקה 1
נהג 1.6,2026-05-06,home,,מחלקה 1
נהג 1.6,2026-05-07,home,,מחלקה 1
נהג 1.6,2026-05-08,home,,מחלקה 1
נהג 1.6,2026-05-09,switch-base,,מחלקה 1
נהג 1.6,2026-05-10,activity,,מחלקה 1
נהג 1.6,2026-05-11,activity,,מחלקה 1
נהג 1.6,2026-05-12,activity,,מחלקה 1
נהג 1.6,2026-05-13,activity,,מחלקה 1
נהג 1.6,2026-05-14,activity,,מחלקה 1
נהג 1.6,2026-05-15,activity,,מחלקה 1
נהג 1.6,2026-05-16,activity,,מחלקה 1
נהג 1.6,2026-05-17,activity,,מחלקה 1
נהג 1.6,2026-05-18,activity,,מחלקה 1
נהג 1.6,2026-05-19,activity,,מחלקה 1
נהג 1.6,2026-05-20,switch-home,,מחלקה 1
נהג 1.6,2026-05-21,home,,מחלקה 1
נהג 1.6,2026-05-22,home,,מחלקה 1
נהג 1.6,2026-05-23,home,,מחלקה 1
נהג 1.6,2026-05-24,home,,מחלקה 1
נהג 1.6,2026-05-25,home,,מחלקה 1
נהג 1.6,2026-05-26,home,,מחלקה 1
נהג 1.6,2026-05-27,home,,מחלקה 1
נהג 1.6,2026-05-28,home,,מחלקה 1
נהג 1.6,2026-05-29,switch-base,,מחלקה 1
נהג 1.6,2026-05-30,activity,,מחלקה 1
נהג 1.6,2026-05-31,activity,,מחלקה 1
נהג 1.6,2026-06-01,activity,,מחלקה 1
נהג 1.6,2026-06-02,activity,,מחלקה 1
נהג 1.6,2026-06-03,activity,,מחלקה 1
נהג 1.6,2026-06-04,activity,דו״ח,מחלקה 1
נהג 1.6,2026-06-05,activity,,מחלקה 1
נהג 1.6,2026-06-06,activity,,מחלקה 1
נהג 1.6,2026-06-07,activity,,מחלקה 1
נהג 1.6,2026-06-08,activity,הכשרה,מחלקה 1
נהג 1.6,2026-06-09,switch-home,,מחלקה 1
נהג 1.6,2026-06-10,home,,מחלקה 1
נהג 1.6,2026-06-11,home,,מחלקה 1
נהג 1.6,2026-06-12,home,,מחלקה 1
נהג 1.6,2026-06-13,home,,מחלקה 1
נהג 1.6,2026-06-14,home,,מחלקה 1
נהג 1.6,2026-06-15,home,,מחלקה 1
נהג 1.6,2026-06-16,home,,מחלקה 1
נהג 1.6,2026-06-17,home,,מחלקה 1
נהג 1.6,2026-06-18,switch-base,,מחלקה 1
חייל 1.7,2026-04-26,activity,שמירה,מחלקה 1
חייל 1.7,2026-04-27,activity,,מחלקה 1
חייל 1.7,2026-04-28,activity,,מחלקה 1
חייל 1.7,2026-04-29,activity,,מחלקה 1
חייל 1.7,2026-04-30,switch-home,,מחלקה 1
חייל 1.7,2026-05-01,home,,מחלקה 1
חייל 1.7,2026-05-02,home,,מחלקה 1
חייל 1.7,2026-05-03,home,,מחלקה 1
חייל 1.7,2026-05-04,home,,מחלקה 1
חייל 1.7,2026-05-05,home,,מחלקה 1
חייל 1.7,2026-05-06,home,,מחלקה 1
חייל 1.7,2026-05-07,home,,מחלקה 1
חייל 1.7,2026-05-08,home,,מחלקה 1
חייל 1.7,2026-05-09,switch-base,,מחלקה 1
חייל 1.7,2026-05-10,activity,,מחלקה 1
חייל 1.7,2026-05-11,activity,,מחלקה 1
חייל 1.7,2026-05-12,activity,,מחלקה 1
חייל 1.7,2026-05-13,activity,,מחלקה 1
חייל 1.7,2026-05-14,activity,,מחלקה 1
חייל 1.7,2026-05-15,activity,,מחלקה 1
חייל 1.7,2026-05-16,activity,,מחלקה 1
חייל 1.7,2026-05-17,activity,,מחלקה 1
חייל 1.7,2026-05-18,activity,,מחלקה 1
חייל 1.7,2026-05-19,activity,,מחלקה 1
חייל 1.7,2026-05-20,switch-home,,מחלקה 1
חייל 1.7,2026-05-21,home,,מחלקה 1
חייל 1.7,2026-05-22,home,,מחלקה 1
חייל 1.7,2026-05-23,home,,מחלקה 1
חייל 1.7,2026-05-24,home,,מחלקה 1
חייל 1.7,2026-05-25,home,,מחלקה 1
חייל 1.7,2026-05-26,home,,מחלקה 1
חייל 1.7,2026-05-27,home,,מחלקה 1
חייל 1.7,2026-05-28,home,,מחלקה 1
חייל 1.7,2026-05-29,switch-base,אבטחה,מחלקה 1
חייל 1.7,2026-05-30,activity,,מחלקה 1
חייל 1.7,2026-05-31,activity,,מחלקה 1
חייל 1.7,2026-06-01,activity,,מחלקה 1
חייל 1.7,2026-06-02,activity,,מחלקה 1
חייל 1.7,2026-06-03,activity,שמירה,מחלקה 1
חייל 1.7,2026-06-04,activity,,מחלקה 1
חייל 1.7,2026-06-05,activity,ביקורת ציוד,מחלקה 1
חייל 1.7,2026-06-06,activity,,מחלקה 1
חייל 1.7,2026-06-07,activity,,מחלקה 1
חייל 1.7,2026-06-08,activity,אימון ירי,מחלקה 1
חייל 1.7,2026-06-09,switch-home,,מחלקה 1
חייל 1.7,2026-06-10,home,,מחלקה 1
חייל 1.7,2026-06-11,home,,מחלקה 1
חייל 1.7,2026-06-12,home,,מחלקה 1
חייל 1.7,2026-06-13,home,,מחלקה 1
חייל 1.7,2026-06-14,home,,מחלקה 1
חייל 1.7,2026-06-15,home,,מחלקה 1
חייל 1.7,2026-06-16,home,,מחלקה 1
חייל 1.7,2026-06-17,home,,מחלקה 1
חייל 1.7,2026-06-18,switch-base,,מחלקה 1
חייל 1.8,2026-04-26,activity,,מחלקה 1
חייל 1.8,2026-04-27,activity,,מחלקה 1
חייל 1.8,2026-04-28,activity,,מחלקה 1
חייל 1.8,2026-04-29,activity,,מחלקה 1
חייל 1.8,2026-04-30,switch-home,,מחלקה 1
חייל 1.8,2026-05-01,home,,מחלקה 1
חייל 1.8,2026-05-02,home,,מחלקה 1
חייל 1.8,2026-05-03,home,,מחלקה 1
חייל 1.8,2026-05-04,home,,מחלקה 1
חייל 1.8,2026-05-05,home,,מחלקה 1
חייל 1.8,2026-05-06,home,,מחלקה 1
חייל 1.8,2026-05-07,home,תרגיל,מחלקה 1
חייל 1.8,2026-05-08,home,,מחלקה 1
חייל 1.8,2026-05-09,switch-base,,מחלקה 1
חייל 1.8,2026-05-10,activity,,מחלקה 1
חייל 1.8,2026-05-11,activity,,מחלקה 1
חייל 1.8,2026-05-12,activity,,מחלקה 1
חייל 1.8,2026-05-13,activity,,מחלקה 1
חייל 1.8,2026-05-14,activity,,מחלקה 1
חייל 1.8,2026-05-15,activity,,מחלקה 1
חייל 1.8,2026-05-16,activity,,מחלקה 1
חייל 1.8,2026-05-17,activity,ביקורת ציוד,מחלקה 1
חייל 1.8,2026-05-18,activity,,מחלקה 1
חייל 1.8,2026-05-19,activity,,מחלקה 1
חייל 1.8,2026-05-20,switch-home,,מחלקה 1
חייל 1.8,2026-05-21,home,,מחלקה 1
חייל 1.8,2026-05-22,home,,מחלקה 1
חייל 1.8,2026-05-23,home,,מחלקה 1
חייל 1.8,2026-05-24,home,,מחלקה 1
חייל 1.8,2026-05-25,home,,מחלקה 1
חייל 1.8,2026-05-26,home,,מחלקה 1
חייל 1.8,2026-05-27,home,,מחלקה 1
חייל 1.8,2026-05-28,home,,מחלקה 1
חייל 1.8,2026-05-29,switch-base,,מחלקה 1
חייל 1.8,2026-05-30,activity,,מחלקה 1
חייל 1.8,2026-05-31,activity,שמירה,מחלקה 1
חייל 1.8,2026-06-01,activity,,מחלקה 1
חייל 1.8,2026-06-02,activity,,מחלקה 1
חייל 1.8,2026-06-03,activity,,מחלקה 1
חייל 1.8,2026-06-04,activity,,מחלקה 1
חייל 1.8,2026-06-05,activity,,מחלקה 1
חייל 1.8,2026-06-06,activity,,מחלקה 1
חייל 1.8,2026-06-07,activity,,מחלקה 1
חייל 1.8,2026-06-08,activity,,מחלקה 1
חייל 1.8,2026-06-09,switch-home,,מחלקה 1
חייל 1.8,2026-06-10,home,תדריך,מחלקה 1
חייל 1.8,2026-06-11,home,,מחלקה 1
חייל 1.8,2026-06-12,home,,מחלקה 1
חייל 1.8,2026-06-13,home,,מחלקה 1
חייל 1.8,2026-06-14,home,,מחלקה 1
חייל 1.8,2026-06-15,home,ביקורת ציוד,מחלקה 1
חייל 1.8,2026-06-16,home,,מחלקה 1
חייל 1.8,2026-06-17,home,,מחלקה 1
חייל 1.8,2026-06-18,switch-base,,מחלקה 1
חייל 1.9,2026-04-26,activity,,מחלקה 1
חייל 1.9,2026-04-27,activity,ביקורת ציוד,מחלקה 1
חייל 1.9,2026-04-28,activity,,מחלקה 1
חייל 1.9,2026-04-29,activity,שמירה,מחלקה 1
חייל 1.9,2026-04-30,switch-home,,מחלקה 1
חייל 1.9,2026-05-01,home,,מחלקה 1
חייל 1.9,2026-05-02,home,,מחלקה 1
חייל 1.9,2026-05-03,home,,מחלקה 1
חייל 1.9,2026-05-04,home,,מחלקה 1
חייל 1.9,2026-05-05,home,,מחלקה 1
חייל 1.9,2026-05-06,home,תחזוקה,מחלקה 1
חייל 1.9,2026-05-07,home,,מחלקה 1
חייל 1.9,2026-05-08,home,,מחלקה 1
חייל 1.9,2026-05-09,switch-base,,מחלקה 1
חייל 1.9,2026-05-10,activity,,מחלקה 1
חייל 1.9,2026-05-11,activity,,מחלקה 1
חייל 1.9,2026-05-12,activity,,מחלקה 1
חייל 1.9,2026-05-13,activity,,מחלקה 1
חייל 1.9,2026-05-14,activity,,מחלקה 1
חייל 1.9,2026-05-15,activity,סריקות,מחלקה 1
חייל 1.9,2026-05-16,activity,,מחלקה 1
חייל 1.9,2026-05-17,activity,,מחלקה 1
חייל 1.9,2026-05-18,activity,,מחלקה 1
חייל 1.9,2026-05-19,activity,,מחלקה 1
חייל 1.9,2026-05-20,switch-home,,מחלקה 1
חייל 1.9,2026-05-21,home,,מחלקה 1
חייל 1.9,2026-05-22,home,,מחלקה 1
חייל 1.9,2026-05-23,home,סריקות,מחלקה 1
חייל 1.9,2026-05-24,home,אימון ירי,מחלקה 1
חייל 1.9,2026-05-25,home,,מחלקה 1
חייל 1.9,2026-05-26,home,,מחלקה 1
חייל 1.9,2026-05-27,home,,מחלקה 1
חייל 1.9,2026-05-28,home,,מחלקה 1
חייל 1.9,2026-05-29,switch-base,אימון ירי,מחלקה 1
חייל 1.9,2026-05-30,activity,,מחלקה 1
חייל 1.9,2026-05-31,activity,,מחלקה 1
חייל 1.9,2026-06-01,activity,,מחלקה 1
חייל 1.9,2026-06-02,activity,,מחלקה 1
חייל 1.9,2026-06-03,activity,,מחלקה 1
חייל 1.9,2026-06-04,activity,,מחלקה 1
חייל 1.9,2026-06-05,activity,,מחלקה 1
חייל 1.9,2026-06-06,activity,,מחלקה 1
חייל 1.9,2026-06-07,activity,,מחלקה 1
חייל 1.9,2026-06-08,activity,,מחלקה 1
חייל 1.9,2026-06-09,switch-home,,מחלקה 1
חייל 1.9,2026-06-10,home,,מחלקה 1
חייל 1.9,2026-06-11,home,,מחלקה 1
חייל 1.9,2026-06-12,home,אימון ירי,מחלקה 1
חייל 1.9,2026-06-13,home,שמירה,מחלקה 1
חייל 1.9,2026-06-14,home,תחזוקה,מחלקה 1
חייל 1.9,2026-06-15,home,תחזוקה,מחלקה 1
חייל 1.9,2026-06-16,home,,מחלקה 1
חייל 1.9,2026-06-17,home,,מחלקה 1
חייל 1.9,2026-06-18,switch-base,תחזוקה,מחלקה 1
חייל 1.10,2026-04-26,activity,,מחלקה 1
חייל 1.10,2026-04-27,activity,,מחלקה 1
חייל 1.10,2026-04-28,activity,,מחלקה 1
חייל 1.10,2026-04-29,activity,,מחלקה 1
חייל 1.10,2026-04-30,switch-home,,מחלקה 1
חייל 1.10,2026-05-01,home,,מחלקה 1
חייל 1.10,2026-05-02,home,,מחלקה 1
חייל 1.10,2026-05-03,home,סריקות,מחלקה 1
חייל 1.10,2026-05-04,home,שמירה,מחלקה 1
חייל 1.10,2026-05-05,home,,מחלקה 1
חייל 1.10,2026-05-06,home,,מחלקה 1
חייל 1.10,2026-05-07,home,,מחלקה 1
חייל 1.10,2026-05-08,home,,מחלקה 1
חייל 1.10,2026-05-09,switch-base,,מחלקה 1
חייל 1.10,2026-05-10,activity,,מחלקה 1
חייל 1.10,2026-05-11,activity,,מחלקה 1
חייל 1.10,2026-05-12,activity,,מחלקה 1
חייל 1.10,2026-05-13,activity,,מחלקה 1
חייל 1.10,2026-05-14,activity,,מחלקה 1
חייל 1.10,2026-05-15,activity,,מחלקה 1
חייל 1.10,2026-05-16,activity,,מחלקה 1
חייל 1.10,2026-05-17,activity,,מחלקה 1
חייל 1.10,2026-05-18,activity,,מחלקה 1
חייל 1.10,2026-05-19,activity,,מחלקה 1
חייל 1.10,2026-05-20,switch-home,,מחלקה 1
חייל 1.10,2026-05-21,home,,מחלקה 1
חייל 1.10,2026-05-22,home,,מחלקה 1
חייל 1.10,2026-05-23,home,,מחלקה 1
חייל 1.10,2026-05-24,home,דו״ח,מחלקה 1
חייל 1.10,2026-05-25,home,,מחלקה 1
חייל 1.10,2026-05-26,home,,מחלקה 1
חייל 1.10,2026-05-27,home,,מחלקה 1
חייל 1.10,2026-05-28,home,,מחלקה 1
חייל 1.10,2026-05-29,switch-base,,מחלקה 1
חייל 1.10,2026-05-30,activity,תחזוקה,מחלקה 1
חייל 1.10,2026-05-31,activity,,מחלקה 1
חייל 1.10,2026-06-01,activity,,מחלקה 1
חייל 1.10,2026-06-02,activity,,מחלקה 1
חייל 1.10,2026-06-03,activity,,מחלקה 1
חייל 1.10,2026-06-04,activity,,מחלקה 1
חייל 1.10,2026-06-05,activity,תחזוקה,מחלקה 1
חייל 1.10,2026-06-06,activity,ביקורת ציוד,מחלקה 1
חייל 1.10,2026-06-07,activity,,מחלקה 1
חייל 1.10,2026-06-08,activity,,מחלקה 1
חייל 1.10,2026-06-09,switch-home,,מחלקה 1
חייל 1.10,2026-06-10,home,,מחלקה 1
חייל 1.10,2026-06-11,home,,מחלקה 1
חייל 1.10,2026-06-12,home,,מחלקה 1
חייל 1.10,2026-06-13,home,,מחלקה 1
חייל 1.10,2026-06-14,home,,מחלקה 1
חייל 1.10,2026-06-15,home,,מחלקה 1
חייל 1.10,2026-06-16,home,,מחלקה 1
חייל 1.10,2026-06-17,home,,מחלקה 1
חייל 1.10,2026-06-18,switch-base,,מחלקה 1
חייל 1.11,2026-04-26,activity,,מחלקה 1
חייל 1.11,2026-04-27,activity,,מחלקה 1
חייל 1.11,2026-04-28,activity,הכשרה,מחלקה 1
חייל 1.11,2026-04-29,activity,,מחלקה 1
חייל 1.11,2026-04-30,switch-home,,מחלקה 1
חייל 1.11,2026-05-01,home,,מחלקה 1
חייל 1.11,2026-05-02,home,,מחלקה 1
חייל 1.11,2026-05-03,home,,מחלקה 1
חייל 1.11,2026-05-04,home,,מחלקה 1
חייל 1.11,2026-05-05,home,,מחלקה 1
חייל 1.11,2026-05-06,home,,מחלקה 1
חייל 1.11,2026-05-07,home,,מחלקה 1
חייל 1.11,2026-05-08,home,,מחלקה 1
חייל 1.11,2026-05-09,switch-base,,מחלקה 1
חייל 1.11,2026-05-10,activity,,מחלקה 1
חייל 1.11,2026-05-11,activity,,מחלקה 1
חייל 1.11,2026-05-12,activity,,מחלקה 1
חייל 1.11,2026-05-13,activity,,מחלקה 1
חייל 1.11,2026-05-14,activity,,מחלקה 1
חייל 1.11,2026-05-15,activity,,מחלקה 1
חייל 1.11,2026-05-16,activity,,מחלקה 1
חייל 1.11,2026-05-17,activity,,מחלקה 1
חייל 1.11,2026-05-18,activity,,מחלקה 1
חייל 1.11,2026-05-19,activity,,מחלקה 1
חייל 1.11,2026-05-20,switch-home,,מחלקה 1
חייל 1.11,2026-05-21,home,,מחלקה 1
חייל 1.11,2026-05-22,home,,מחלקה 1
חייל 1.11,2026-05-23,home,,מחלקה 1
חייל 1.11,2026-05-24,home,הכשרה,מחלקה 1
חייל 1.11,2026-05-25,home,,מחלקה 1
חייל 1.11,2026-05-26,home,,מחלקה 1
חייל 1.11,2026-05-27,home,,מחלקה 1
חייל 1.11,2026-05-28,home,,מחלקה 1
חייל 1.11,2026-05-29,switch-base,,מחלקה 1
חייל 1.11,2026-05-30,activity,,מחלקה 1
חייל 1.11,2026-05-31,activity,,מחלקה 1
חייל 1.11,2026-06-01,activity,אימון ירי,מחלקה 1
חייל 1.11,2026-06-02,activity,,מחלקה 1
חייל 1.11,2026-06-03,activity,,מחלקה 1
חייל 1.11,2026-06-04,activity,,מחלקה 1
חייל 1.11,2026-06-05,activity,,מחלקה 1
חייל 1.11,2026-06-06,activity,,מחלקה 1
חייל 1.11,2026-06-07,activity,,מחלקה 1
חייל 1.11,2026-06-08,activity,,מחלקה 1
חייל 1.11,2026-06-09,switch-home,,מחלקה 1
חייל 1.11,2026-06-10,home,,מחלקה 1
חייל 1.11,2026-06-11,home,,מחלקה 1
חייל 1.11,2026-06-12,home,דו״ח,מחלקה 1
חייל 1.11,2026-06-13,home,,מחלקה 1
חייל 1.11,2026-06-14,home,תחזוקה,מחלקה 1
חייל 1.11,2026-06-15,home,,מחלקה 1
חייל 1.11,2026-06-16,home,,מחלקה 1
חייל 1.11,2026-06-17,home,הכשרה,מחלקה 1
חייל 1.11,2026-06-18,switch-base,,מחלקה 1
חייל 1.12,2026-04-26,activity,,מחלקה 1
חייל 1.12,2026-04-27,activity,,מחלקה 1
חייל 1.12,2026-04-28,activity,,מחלקה 1
חייל 1.12,2026-04-29,activity,,מחלקה 1
חייל 1.12,2026-04-30,switch-home,,מחלקה 1
חייל 1.12,2026-05-01,home,,מחלקה 1
חייל 1.12,2026-05-02,home,,מחלקה 1
חייל 1.12,2026-05-03,home,,מחלקה 1
חייל 1.12,2026-05-04,home,,מחלקה 1
חייל 1.12,2026-05-05,home,דו״ח,מחלקה 1
חייל 1.12,2026-05-06,home,,מחלקה 1
חייל 1.12,2026-05-07,home,,מחלקה 1
חייל 1.12,2026-05-08,home,אימון ירי,מחלקה 1
חייל 1.12,2026-05-09,switch-base,,מחלקה 1
חייל 1.12,2026-05-10,activity,,מחלקה 1
חייל 1.12,2026-05-11,activity,,מחלקה 1
חייל 1.12,2026-05-12,activity,,מחלקה 1
חייל 1.12,2026-05-13,activity,,מחלקה 1
חייל 1.12,2026-05-14,activity,,מחלקה 1
חייל 1.12,2026-05-15,activity,,מחלקה 1
חייל 1.12,2026-05-16,activity,,מחלקה 1
חייל 1.12,2026-05-17,activity,הכשרה,מחלקה 1
חייל 1.12,2026-05-18,activity,אימון ירי,מחלקה 1
חייל 1.12,2026-05-19,activity,,מחלקה 1
חייל 1.12,2026-05-20,switch-home,,מחלקה 1
חייל 1.12,2026-05-21,home,,מחלקה 1
חייל 1.12,2026-05-22,home,,מחלקה 1
חייל 1.12,2026-05-23,home,,מחלקה 1
חייל 1.12,2026-05-24,home,,מחלקה 1
חייל 1.12,2026-05-25,home,,מחלקה 1
חייל 1.12,2026-05-26,home,,מחלקה 1
חייל 1.12,2026-05-27,home,,מחלקה 1
חייל 1.12,2026-05-28,home,,מחלקה 1
חייל 1.12,2026-05-29,switch-base,,מחלקה 1
חייל 1.12,2026-05-30,activity,,מחלקה 1
חייל 1.12,2026-05-31,activity,אבטחה,מחלקה 1
חייל 1.12,2026-06-01,activity,הכשרה,מחלקה 1
חייל 1.12,2026-06-02,activity,,מחלקה 1
חייל 1.12,2026-06-03,activity,,מחלקה 1
חייל 1.12,2026-06-04,activity,,מחלקה 1
חייל 1.12,2026-06-05,activity,,מחלקה 1
חייל 1.12,2026-06-06,activity,,מחלקה 1
חייל 1.12,2026-06-07,activity,,מחלקה 1
חייל 1.12,2026-06-08,activity,,מחלקה 1
חייל 1.12,2026-06-09,switch-home,,מחלקה 1
חייל 1.12,2026-06-10,home,ביקורת ציוד,מחלקה 1
חייל 1.12,2026-06-11,home,ביקורת ציוד,מחלקה 1
חייל 1.12,2026-06-12,home,,מחלקה 1
חייל 1.12,2026-06-13,home,,מחלקה 1
חייל 1.12,2026-06-14,home,,מחלקה 1
חייל 1.12,2026-06-15,home,,מחלקה 1
חייל 1.12,2026-06-16,home,,מחלקה 1
חייל 1.12,2026-06-17,home,,מחלקה 1
חייל 1.12,2026-06-18,switch-base,,מחלקה 1
חייל 1.13,2026-04-26,activity,,מחלקה 1
חייל 1.13,2026-04-27,activity,,מחלקה 1
חייל 1.13,2026-04-28,activity,,מחלקה 1
חייל 1.13,2026-04-29,activity,,מחלקה 1
חייל 1.13,2026-04-30,switch-home,,מחלקה 1
חייל 1.13,2026-05-01,home,תרגיל,מחלקה 1
חייל 1.13,2026-05-02,home,,מחלקה 1
חייל 1.13,2026-05-03,home,הכשרה,מחלקה 1
חייל 1.13,2026-05-04,home,סריקות,מחלקה 1
חייל 1.13,2026-05-05,home,ביקורת ציוד,מחלקה 1
חייל 1.13,2026-05-06,home,דו״ח,מחלקה 1
חייל 1.13,2026-05-07,home,,מחלקה 1
חייל 1.13,2026-05-08,home,ביקורת ציוד,מחלקה 1
חייל 1.13,2026-05-09,switch-base,,מחלקה 1
חייל 1.13,2026-05-10,activity,,מחלקה 1
חייל 1.13,2026-05-11,activity,שמירה,מחלקה 1
חייל 1.13,2026-05-12,activity,,מחלקה 1
חייל 1.13,2026-05-13,activity,ביקורת ציוד,מחלקה 1
חייל 1.13,2026-05-14,activity,ביקורת ציוד,מחלקה 1
חייל 1.13,2026-05-15,activity,,מחלקה 1
חייל 1.13,2026-05-16,activity,ביקורת ציוד,מחלקה 1
חייל 1.13,2026-05-17,activity,,מחלקה 1
חייל 1.13,2026-05-18,activity,,מחלקה 1
חייל 1.13,2026-05-19,activity,,מחלקה 1
חייל 1.13,2026-05-20,switch-home,,מחלקה 1
חייל 1.13,2026-05-21,home,,מחלקה 1
חייל 1.13,2026-05-22,home,,מחלקה 1
חייל 1.13,2026-05-23,home,,מחלקה 1
חייל 1.13,2026-05-24,home,,מחלקה 1
חייל 1.13,2026-05-25,home,,מחלקה 1
חייל 1.13,2026-05-26,home,,מחלקה 1
חייל 1.13,2026-05-27,home,,מחלקה 1
חייל 1.13,2026-05-28,home,,מחלקה 1
חייל 1.13,2026-05-29,switch-base,,מחלקה 1
חייל 1.13,2026-05-30,activity,,מחלקה 1
חייל 1.13,2026-05-31,activity,,מחלקה 1
חייל 1.13,2026-06-01,activity,,מחלקה 1
חייל 1.13,2026-06-02,activity,,מחלקה 1
חייל 1.13,2026-06-03,activity,,מחלקה 1
חייל 1.13,2026-06-04,activity,,מחלקה 1
חייל 1.13,2026-06-05,activity,,מחלקה 1
חייל 1.13,2026-06-06,activity,,מחלקה 1
חייל 1.13,2026-06-07,activity,,מחלקה 1
חייל 1.13,2026-06-08,activity,,מחלקה 1
חייל 1.13,2026-06-09,switch-home,,מחלקה 1
חייל 1.13,2026-06-10,home,,מחלקה 1
חייל 1.13,2026-06-11,home,ביקורת ציוד,מחלקה 1
חייל 1.13,2026-06-12,home,,מחלקה 1
חייל 1.13,2026-06-13,home,,מחלקה 1
חייל 1.13,2026-06-14,home,,מחלקה 1
חייל 1.13,2026-06-15,home,,מחלקה 1
חייל 1.13,2026-06-16,home,,מחלקה 1
חייל 1.13,2026-06-17,home,סריקות,מחלקה 1
חייל 1.13,2026-06-18,switch-base,,מחלקה 1
מפקד מחלקה 2,2026-04-26,activity,אבטחה,מחלקה 2
מפקד מחלקה 2,2026-04-27,activity,,מחלקה 2
מפקד מחלקה 2,2026-04-28,activity,,מחלקה 2
מפקד מחלקה 2,2026-04-29,activity,,מחלקה 2
מפקד מחלקה 2,2026-04-30,activity,,מחלקה 2
מפקד מחלקה 2,2026-05-01,activity,אבטחה,מחלקה 2
מפקד מחלקה 2,2026-05-02,activity,,מחלקה 2
מפקד מחלקה 2,2026-05-03,activity,,מחלקה 2
מפקד מחלקה 2,2026-05-04,activity,,מחלקה 2
מפקד מחלקה 2,2026-05-05,activity,,מחלקה 2
מפקד מחלקה 2,2026-05-06,activity,,מחלקה 2
מפקד מחלקה 2,2026-05-07,activity,,מחלקה 2
מפקד מחלקה 2,2026-05-08,activity,,מחלקה 2
מפקד מחלקה 2,2026-05-09,activity,,מחלקה 2
מפקד מחלקה 2,2026-05-10,switch-home,,מחלקה 2
מפקד מחלקה 2,2026-05-11,home,,מחלקה 2
מפקד מחלקה 2,2026-05-12,home,,מחלקה 2
מפקד מחלקה 2,2026-05-13,home,תחזוקה,מחלקה 2
מפקד מחלקה 2,2026-05-14,switch-base,,מחלקה 2
מפקד מחלקה 2,2026-05-15,activity,שמירה,מחלקה 2
מפקד מחלקה 2,2026-05-16,activity,,מחלקה 2
מפקד מחלקה 2,2026-05-17,activity,,מחלקה 2
מפקד מחלקה 2,2026-05-18,activity,,מחלקה 2
מפקד מחלקה 2,2026-05-19,activity,,מחלקה 2
מפקד מחלקה 2,2026-05-20,activity,,מחלקה 2
מפקד מחלקה 2,2026-05-21,activity,,מחלקה 2
מפקד מחלקה 2,2026-05-22,activity,,מחלקה 2
מפקד מחלקה 2,2026-05-23,activity,,מחלקה 2
מפקד מחלקה 2,2026-05-24,activity,,מחלקה 2
מפקד מחלקה 2,2026-05-25,activity,,מחלקה 2
מפקד מחלקה 2,2026-05-26,activity,,מחלקה 2
מפקד מחלקה 2,2026-05-27,activity,,מחלקה 2
מפקד מחלקה 2,2026-05-28,activity,,מחלקה 2
מפקד מחלקה 2,2026-05-29,activity,תרגיל,מחלקה 2
מפקד מחלקה 2,2026-05-30,switch-home,,מחלקה 2
מפקד מחלקה 2,2026-05-31,home,דו״ח,מחלקה 2
מפקד מחלקה 2,2026-06-01,home,,מחלקה 2
מפקד מחלקה 2,2026-06-02,home,,מחלקה 2
מפקד מחלקה 2,2026-06-03,switch-base,ביקורת ציוד,מחלקה 2
מפקד מחלקה 2,2026-06-04,activity,,מחלקה 2
מפקד מחלקה 2,2026-06-05,activity,,מחלקה 2
מפקד מחלקה 2,2026-06-06,activity,,מחלקה 2
מפקד מחלקה 2,2026-06-07,activity,,מחלקה 2
מפקד מחלקה 2,2026-06-08,activity,,מחלקה 2
מפקד מחלקה 2,2026-06-09,activity,,מחלקה 2
מפקד מחלקה 2,2026-06-10,activity,,מחלקה 2
מפקד מחלקה 2,2026-06-11,activity,,מחלקה 2
מפקד מחלקה 2,2026-06-12,activity,,מחלקה 2
מפקד מחלקה 2,2026-06-13,activity,,מחלקה 2
מפקד מחלקה 2,2026-06-14,activity,,מחלקה 2
מפקד מחלקה 2,2026-06-15,activity,דו״ח,מחלקה 2
מפקד מחלקה 2,2026-06-16,activity,הכשרה,מחלקה 2
מפקד מחלקה 2,2026-06-17,activity,,מחלקה 2
מפקד מחלקה 2,2026-06-18,activity,סריקות,מחלקה 2
מ.כ 2.1,2026-04-26,activity,,מחלקה 2
מ.כ 2.1,2026-04-27,activity,,מחלקה 2
מ.כ 2.1,2026-04-28,activity,,מחלקה 2
מ.כ 2.1,2026-04-29,activity,,מחלקה 2
מ.כ 2.1,2026-04-30,activity,,מחלקה 2
מ.כ 2.1,2026-05-01,activity,,מחלקה 2
מ.כ 2.1,2026-05-02,activity,,מחלקה 2
מ.כ 2.1,2026-05-03,activity,,מחלקה 2
מ.כ 2.1,2026-05-04,activity,,מחלקה 2
מ.כ 2.1,2026-05-05,activity,,מחלקה 2
מ.כ 2.1,2026-05-06,activity,,מחלקה 2
מ.כ 2.1,2026-05-07,activity,,מחלקה 2
מ.כ 2.1,2026-05-08,activity,,מחלקה 2
מ.כ 2.1,2026-05-09,activity,,מחלקה 2
מ.כ 2.1,2026-05-10,switch-home,,מחלקה 2
מ.כ 2.1,2026-05-11,home,,מחלקה 2
מ.כ 2.1,2026-05-12,home,אבטחה,מחלקה 2
מ.כ 2.1,2026-05-13,home,,מחלקה 2
מ.כ 2.1,2026-05-14,home,,מחלקה 2
מ.כ 2.1,2026-05-15,home,,מחלקה 2
מ.כ 2.1,2026-05-16,home,,מחלקה 2
מ.כ 2.1,2026-05-17,home,,מחלקה 2
מ.כ 2.1,2026-05-18,home,,מחלקה 2
מ.כ 2.1,2026-05-19,switch-base,,מחלקה 2
מ.כ 2.1,2026-05-20,activity,,מחלקה 2
מ.כ 2.1,2026-05-21,activity,,מחלקה 2
מ.כ 2.1,2026-05-22,activity,אימון ירי,מחלקה 2
מ.כ 2.1,2026-05-23,activity,,מחלקה 2
מ.כ 2.1,2026-05-24,activity,,מחלקה 2
מ.כ 2.1,2026-05-25,activity,סריקות,מחלקה 2
מ.כ 2.1,2026-05-26,activity,,מחלקה 2
מ.כ 2.1,2026-05-27,activity,,מחלקה 2
מ.כ 2.1,2026-05-28,activity,,מחלקה 2
מ.כ 2.1,2026-05-29,activity,,מחלקה 2
מ.כ 2.1,2026-05-30,switch-home,,מחלקה 2
מ.כ 2.1,2026-05-31,home,תחזוקה,מחלקה 2
מ.כ 2.1,2026-06-01,home,,מחלקה 2
מ.כ 2.1,2026-06-02,home,,מחלקה 2
מ.כ 2.1,2026-06-03,home,תרגיל,מחלקה 2
מ.כ 2.1,2026-06-04,home,,מחלקה 2
מ.כ 2.1,2026-06-05,home,,מחלקה 2
מ.כ 2.1,2026-06-06,home,,מחלקה 2
מ.כ 2.1,2026-06-07,home,,מחלקה 2
מ.כ 2.1,2026-06-08,switch-base,שמירה,מחלקה 2
מ.כ 2.1,2026-06-09,activity,,מחלקה 2
מ.כ 2.1,2026-06-10,activity,,מחלקה 2
מ.כ 2.1,2026-06-11,activity,,מחלקה 2
מ.כ 2.1,2026-06-12,activity,,מחלקה 2
מ.כ 2.1,2026-06-13,activity,,מחלקה 2
מ.כ 2.1,2026-06-14,activity,,מחלקה 2
מ.כ 2.1,2026-06-15,activity,,מחלקה 2
מ.כ 2.1,2026-06-16,activity,,מחלקה 2
מ.כ 2.1,2026-06-17,activity,,מחלקה 2
מ.כ 2.1,2026-06-18,activity,,מחלקה 2
מ.כ 2.2,2026-04-26,activity,,מחלקה 2
מ.כ 2.2,2026-04-27,activity,,מחלקה 2
מ.כ 2.2,2026-04-28,activity,,מחלקה 2
מ.כ 2.2,2026-04-29,activity,,מחלקה 2
מ.כ 2.2,2026-04-30,activity,,מחלקה 2
מ.כ 2.2,2026-05-01,activity,,מחלקה 2
מ.כ 2.2,2026-05-02,activity,,מחלקה 2
מ.כ 2.2,2026-05-03,activity,,מחלקה 2
מ.כ 2.2,2026-05-04,activity,,מחלקה 2
מ.כ 2.2,2026-05-05,activity,,מחלקה 2
מ.כ 2.2,2026-05-06,activity,,מחלקה 2
מ.כ 2.2,2026-05-07,activity,,מחלקה 2
מ.כ 2.2,2026-05-08,activity,,מחלקה 2
מ.כ 2.2,2026-05-09,activity,ביקורת ציוד,מחלקה 2
מ.כ 2.2,2026-05-10,switch-home,,מחלקה 2
מ.כ 2.2,2026-05-11,home,,מחלקה 2
מ.כ 2.2,2026-05-12,home,,מחלקה 2
מ.כ 2.2,2026-05-13,home,,מחלקה 2
מ.כ 2.2,2026-05-14,home,ביקורת ציוד,מחלקה 2
מ.כ 2.2,2026-05-15,home,,מחלקה 2
מ.כ 2.2,2026-05-16,home,,מחלקה 2
מ.כ 2.2,2026-05-17,home,,מחלקה 2
מ.כ 2.2,2026-05-18,home,,מחלקה 2
מ.כ 2.2,2026-05-19,switch-base,,מחלקה 2
מ.כ 2.2,2026-05-20,activity,תדריך,מחלקה 2
מ.כ 2.2,2026-05-21,activity,,מחלקה 2
מ.כ 2.2,2026-05-22,activity,,מחלקה 2
מ.כ 2.2,2026-05-23,activity,,מחלקה 2
מ.כ 2.2,2026-05-24,activity,,מחלקה 2
מ.כ 2.2,2026-05-25,activity,,מחלקה 2
מ.כ 2.2,2026-05-26,activity,,מחלקה 2
מ.כ 2.2,2026-05-27,activity,,מחלקה 2
מ.כ 2.2,2026-05-28,activity,,מחלקה 2
מ.כ 2.2,2026-05-29,activity,אבטחה,מחלקה 2
מ.כ 2.2,2026-05-30,switch-home,,מחלקה 2
מ.כ 2.2,2026-05-31,home,,מחלקה 2
מ.כ 2.2,2026-06-01,home,,מחלקה 2
מ.כ 2.2,2026-06-02,home,,מחלקה 2
מ.כ 2.2,2026-06-03,home,,מחלקה 2
מ.כ 2.2,2026-06-04,home,,מחלקה 2
מ.כ 2.2,2026-06-05,home,,מחלקה 2
מ.כ 2.2,2026-06-06,home,,מחלקה 2
מ.כ 2.2,2026-06-07,home,,מחלקה 2
מ.כ 2.2,2026-06-08,switch-base,דו״ח,מחלקה 2
מ.כ 2.2,2026-06-09,activity,,מחלקה 2
מ.כ 2.2,2026-06-10,activity,,מחלקה 2
מ.כ 2.2,2026-06-11,activity,,מחלקה 2
מ.כ 2.2,2026-06-12,activity,,מחלקה 2
מ.כ 2.2,2026-06-13,activity,,מחלקה 2
מ.כ 2.2,2026-06-14,activity,,מחלקה 2
מ.כ 2.2,2026-06-15,activity,,מחלקה 2
מ.כ 2.2,2026-06-16,activity,,מחלקה 2
מ.כ 2.2,2026-06-17,activity,,מחלקה 2
מ.כ 2.2,2026-06-18,activity,,מחלקה 2
מ.כ 2.3,2026-04-26,activity,,מחלקה 2
מ.כ 2.3,2026-04-27,activity,,מחלקה 2
מ.כ 2.3,2026-04-28,activity,,מחלקה 2
מ.כ 2.3,2026-04-29,activity,אימון ירי,מחלקה 2
מ.כ 2.3,2026-04-30,activity,,מחלקה 2
מ.כ 2.3,2026-05-01,activity,,מחלקה 2
מ.כ 2.3,2026-05-02,activity,,מחלקה 2
מ.כ 2.3,2026-05-03,activity,,מחלקה 2
מ.כ 2.3,2026-05-04,activity,,מחלקה 2
מ.כ 2.3,2026-05-05,activity,,מחלקה 2
מ.כ 2.3,2026-05-06,activity,,מחלקה 2
מ.כ 2.3,2026-05-07,activity,,מחלקה 2
מ.כ 2.3,2026-05-08,activity,,מחלקה 2
מ.כ 2.3,2026-05-09,activity,,מחלקה 2
מ.כ 2.3,2026-05-10,switch-home,,מחלקה 2
מ.כ 2.3,2026-05-11,home,,מחלקה 2
מ.כ 2.3,2026-05-12,home,,מחלקה 2
מ.כ 2.3,2026-05-13,home,,מחלקה 2
מ.כ 2.3,2026-05-14,home,שמירה,מחלקה 2
מ.כ 2.3,2026-05-15,home,,מחלקה 2
מ.כ 2.3,2026-05-16,home,,מחלקה 2
מ.כ 2.3,2026-05-17,home,,מחלקה 2
מ.כ 2.3,2026-05-18,home,,מחלקה 2
מ.כ 2.3,2026-05-19,switch-base,,מחלקה 2
מ.כ 2.3,2026-05-20,activity,,מחלקה 2
מ.כ 2.3,2026-05-21,activity,,מחלקה 2
מ.כ 2.3,2026-05-22,activity,,מחלקה 2
מ.כ 2.3,2026-05-23,activity,,מחלקה 2
מ.כ 2.3,2026-05-24,activity,,מחלקה 2
מ.כ 2.3,2026-05-25,activity,,מחלקה 2
מ.כ 2.3,2026-05-26,activity,,מחלקה 2
מ.כ 2.3,2026-05-27,activity,,מחלקה 2
מ.כ 2.3,2026-05-28,activity,,מחלקה 2
מ.כ 2.3,2026-05-29,activity,,מחלקה 2
מ.כ 2.3,2026-05-30,switch-home,,מחלקה 2
מ.כ 2.3,2026-05-31,home,,מחלקה 2
מ.כ 2.3,2026-06-01,home,,מחלקה 2
מ.כ 2.3,2026-06-02,home,,מחלקה 2
מ.כ 2.3,2026-06-03,home,,מחלקה 2
מ.כ 2.3,2026-06-04,home,,מחלקה 2
מ.כ 2.3,2026-06-05,home,,מחלקה 2
מ.כ 2.3,2026-06-06,home,,מחלקה 2
מ.כ 2.3,2026-06-07,home,,מחלקה 2
מ.כ 2.3,2026-06-08,switch-base,,מחלקה 2
מ.כ 2.3,2026-06-09,activity,,מחלקה 2
מ.כ 2.3,2026-06-10,activity,,מחלקה 2
מ.כ 2.3,2026-06-11,activity,,מחלקה 2
מ.כ 2.3,2026-06-12,activity,,מחלקה 2
מ.כ 2.3,2026-06-13,activity,,מחלקה 2
מ.כ 2.3,2026-06-14,activity,,מחלקה 2
מ.כ 2.3,2026-06-15,activity,,מחלקה 2
מ.כ 2.3,2026-06-16,activity,,מחלקה 2
מ.כ 2.3,2026-06-17,activity,,מחלקה 2
מ.כ 2.3,2026-06-18,activity,תדריך,מחלקה 2
נהג 2.4,2026-04-26,activity,,מחלקה 2
נהג 2.4,2026-04-27,activity,,מחלקה 2
נהג 2.4,2026-04-28,activity,,מחלקה 2
נהג 2.4,2026-04-29,activity,,מחלקה 2
נהג 2.4,2026-04-30,activity,,מחלקה 2
נהג 2.4,2026-05-01,activity,,מחלקה 2
נהג 2.4,2026-05-02,activity,,מחלקה 2
נהג 2.4,2026-05-03,activity,,מחלקה 2
נהג 2.4,2026-05-04,activity,,מחלקה 2
נהג 2.4,2026-05-05,activity,,מחלקה 2
נהג 2.4,2026-05-06,activity,,מחלקה 2
נהג 2.4,2026-05-07,activity,,מחלקה 2
נהג 2.4,2026-05-08,activity,,מחלקה 2
נהג 2.4,2026-05-09,activity,,מחלקה 2
נהג 2.4,2026-05-10,switch-home,,מחלקה 2
נהג 2.4,2026-05-11,home,,מחלקה 2
נהג 2.4,2026-05-12,home,,מחלקה 2
נהג 2.4,2026-05-13,home,,מחלקה 2
נהג 2.4,2026-05-14,home,,מחלקה 2
נהג 2.4,2026-05-15,home,אימון ירי,מחלקה 2
נהג 2.4,2026-05-16,home,,מחלקה 2
נהג 2.4,2026-05-17,home,,מחלקה 2
נהג 2.4,2026-05-18,home,,מחלקה 2
נהג 2.4,2026-05-19,switch-base,,מחלקה 2
נהג 2.4,2026-05-20,activity,דו״ח,מחלקה 2
נהג 2.4,2026-05-21,activity,,מחלקה 2
נהג 2.4,2026-05-22,activity,,מחלקה 2
נהג 2.4,2026-05-23,activity,,מחלקה 2
נהג 2.4,2026-05-24,activity,,מחלקה 2
נהג 2.4,2026-05-25,activity,,מחלקה 2
נהג 2.4,2026-05-26,activity,הכשרה,מחלקה 2
נהג 2.4,2026-05-27,activity,,מחלקה 2
נהג 2.4,2026-05-28,activity,,מחלקה 2
נהג 2.4,2026-05-29,activity,,מחלקה 2
נהג 2.4,2026-05-30,switch-home,,מחלקה 2
נהג 2.4,2026-05-31,home,דו״ח,מחלקה 2
נהג 2.4,2026-06-01,home,אבטחה,מחלקה 2
נהג 2.4,2026-06-02,home,,מחלקה 2
נהג 2.4,2026-06-03,home,,מחלקה 2
נהג 2.4,2026-06-04,home,,מחלקה 2
נהג 2.4,2026-06-05,home,,מחלקה 2
נהג 2.4,2026-06-06,home,דו״ח,מחלקה 2
נהג 2.4,2026-06-07,home,,מחלקה 2
נהג 2.4,2026-06-08,switch-base,,מחלקה 2
נהג 2.4,2026-06-09,activity,,מחלקה 2
נהג 2.4,2026-06-10,activity,,מחלקה 2
נהג 2.4,2026-06-11,activity,,מחלקה 2
נהג 2.4,2026-06-12,activity,,מחלקה 2
נהג 2.4,2026-06-13,activity,,מחלקה 2
נהג 2.4,2026-06-14,activity,,מחלקה 2
נהג 2.4,2026-06-15,activity,,מחלקה 2
נהג 2.4,2026-06-16,activity,,מחלקה 2
נהג 2.4,2026-06-17,activity,,מחלקה 2
נהג 2.4,2026-06-18,activity,,מחלקה 2
נהג 2.5,2026-04-26,activity,,מחלקה 2
נהג 2.5,2026-04-27,activity,,מחלקה 2
נהג 2.5,2026-04-28,activity,,מחלקה 2
נהג 2.5,2026-04-29,activity,,מחלקה 2
נהג 2.5,2026-04-30,activity,,מחלקה 2
נהג 2.5,2026-05-01,activity,,מחלקה 2
נהג 2.5,2026-05-02,activity,,מחלקה 2
נהג 2.5,2026-05-03,activity,,מחלקה 2
נהג 2.5,2026-05-04,activity,,מחלקה 2
נהג 2.5,2026-05-05,activity,,מחלקה 2
נהג 2.5,2026-05-06,activity,,מחלקה 2
נהג 2.5,2026-05-07,activity,שמירה,מחלקה 2
נהג 2.5,2026-05-08,activity,,מחלקה 2
נהג 2.5,2026-05-09,activity,,מחלקה 2
נהג 2.5,2026-05-10,switch-home,,מחלקה 2
נהג 2.5,2026-05-11,home,,מחלקה 2
נהג 2.5,2026-05-12,home,,מחלקה 2
נהג 2.5,2026-05-13,home,,מחלקה 2
נהג 2.5,2026-05-14,home,,מחלקה 2
נהג 2.5,2026-05-15,home,,מחלקה 2
נהג 2.5,2026-05-16,home,,מחלקה 2
נהג 2.5,2026-05-17,home,,מחלקה 2
נהג 2.5,2026-05-18,home,הכשרה,מחלקה 2
נהג 2.5,2026-05-19,switch-base,,מחלקה 2
נהג 2.5,2026-05-20,activity,סריקות,מחלקה 2
נהג 2.5,2026-05-21,activity,,מחלקה 2
נהג 2.5,2026-05-22,activity,,מחלקה 2
נהג 2.5,2026-05-23,activity,,מחלקה 2
נהג 2.5,2026-05-24,activity,,מחלקה 2
נהג 2.5,2026-05-25,activity,,מחלקה 2
נהג 2.5,2026-05-26,activity,,מחלקה 2
נהג 2.5,2026-05-27,activity,,מחלקה 2
נהג 2.5,2026-05-28,activity,,מחלקה 2
נהג 2.5,2026-05-29,activity,הכשרה,מחלקה 2
נהג 2.5,2026-05-30,switch-home,,מחלקה 2
נהג 2.5,2026-05-31,home,,מחלקה 2
נהג 2.5,2026-06-01,home,,מחלקה 2
נהג 2.5,2026-06-02,home,,מחלקה 2
נהג 2.5,2026-06-03,home,,מחלקה 2
נהג 2.5,2026-06-04,home,תחזוקה,מחלקה 2
נהג 2.5,2026-06-05,home,,מחלקה 2
נהג 2.5,2026-06-06,home,,מחלקה 2
נהג 2.5,2026-06-07,home,,מחלקה 2
נהג 2.5,2026-06-08,switch-base,,מחלקה 2
נהג 2.5,2026-06-09,activity,,מחלקה 2
נהג 2.5,2026-06-10,activity,,מחלקה 2
נהג 2.5,2026-06-11,activity,,מחלקה 2
נהג 2.5,2026-06-12,activity,,מחלקה 2
נהג 2.5,2026-06-13,activity,,מחלקה 2
נהג 2.5,2026-06-14,activity,,מחלקה 2
נהג 2.5,2026-06-15,activity,,מחלקה 2
נהג 2.5,2026-06-16,activity,,מחלקה 2
נהג 2.5,2026-06-17,activity,,מחלקה 2
נהג 2.5,2026-06-18,activity,,מחלקה 2
נהג 2.6,2026-04-26,activity,,מחלקה 2
נהג 2.6,2026-04-27,activity,,מחלקה 2
נהג 2.6,2026-04-28,activity,,מחלקה 2
נהג 2.6,2026-04-29,activity,,מחלקה 2
נהג 2.6,2026-04-30,activity,,מחלקה 2
נהג 2.6,2026-05-01,activity,,מחלקה 2
נהג 2.6,2026-05-02,activity,,מחלקה 2
נהג 2.6,2026-05-03,activity,,מחלקה 2
נהג 2.6,2026-05-04,activity,,מחלקה 2
נהג 2.6,2026-05-05,activity,,מחלקה 2
נהג 2.6,2026-05-06,activity,,מחלקה 2
נהג 2.6,2026-05-07,activity,,מחלקה 2
נהג 2.6,2026-05-08,activity,,מחלקה 2
נהג 2.6,2026-05-09,activity,,מחלקה 2
נהג 2.6,2026-05-10,switch-home,,מחלקה 2
נהג 2.6,2026-05-11,home,אימון ירי,מחלקה 2
נהג 2.6,2026-05-12,home,,מחלקה 2
נהג 2.6,2026-05-13,home,,מחלקה 2
נהג 2.6,2026-05-14,home,,מחלקה 2
נהג 2.6,2026-05-15,home,,מחלקה 2
נהג 2.6,2026-05-16,home,,מחלקה 2
נהג 2.6,2026-05-17,home,,מחלקה 2
נהג 2.6,2026-05-18,home,,מחלקה 2
נהג 2.6,2026-05-19,switch-base,,מחלקה 2
נהג 2.6,2026-05-20,activity,,מחלקה 2
נהג 2.6,2026-05-21,activity,,מחלקה 2
נהג 2.6,2026-05-22,activity,,מחלקה 2
נהג 2.6,2026-05-23,activity,,מחלקה 2
נהג 2.6,2026-05-24,activity,,מחלקה 2
נהג 2.6,2026-05-25,activity,,מחלקה 2
נהג 2.6,2026-05-26,activity,,מחלקה 2
נהג 2.6,2026-05-27,activity,,מחלקה 2
נהג 2.6,2026-05-28,activity,,מחלקה 2
נהג 2.6,2026-05-29,activity,אבטחה,מחלקה 2
נהג 2.6,2026-05-30,switch-home,סריקות,מחלקה 2
נהג 2.6,2026-05-31,home,,מחלקה 2
נהג 2.6,2026-06-01,home,,מחלקה 2
נהג 2.6,2026-06-02,home,,מחלקה 2
נהג 2.6,2026-06-03,home,,מחלקה 2
נהג 2.6,2026-06-04,home,,מחלקה 2
נהג 2.6,2026-06-05,home,,מחלקה 2
נהג 2.6,2026-06-06,home,,מחלקה 2
נהג 2.6,2026-06-07,home,,מחלקה 2
נהג 2.6,2026-06-08,switch-base,,מחלקה 2
נהג 2.6,2026-06-09,activity,,מחלקה 2
נהג 2.6,2026-06-10,activity,,מחלקה 2
נהג 2.6,2026-06-11,activity,,מחלקה 2
נהג 2.6,2026-06-12,activity,,מחלקה 2
נהג 2.6,2026-06-13,activity,,מחלקה 2
נהג 2.6,2026-06-14,activity,,מחלקה 2
נהג 2.6,2026-06-15,activity,,מחלקה 2
נהג 2.6,2026-06-16,activity,,מחלקה 2
נהג 2.6,2026-06-17,activity,,מחלקה 2
נהג 2.6,2026-06-18,activity,,מחלקה 2
חייל 2.7,2026-04-26,activity,,מחלקה 2
חייל 2.7,2026-04-27,activity,,מחלקה 2
חייל 2.7,2026-04-28,activity,הכשרה,מחלקה 2
חייל 2.7,2026-04-29,activity,,מחלקה 2
חייל 2.7,2026-04-30,activity,,מחלקה 2
חייל 2.7,2026-05-01,activity,,מחלקה 2
חייל 2.7,2026-05-02,activity,,מחלקה 2
חייל 2.7,2026-05-03,activity,,מחלקה 2
חייל 2.7,2026-05-04,activity,,מחלקה 2
חייל 2.7,2026-05-05,activity,דו״ח,מחלקה 2
חייל 2.7,2026-05-06,activity,ביקורת ציוד,מחלקה 2
חייל 2.7,2026-05-07,activity,,מחלקה 2
חייל 2.7,2026-05-08,activity,,מחלקה 2
חייל 2.7,2026-05-09,activity,,מחלקה 2
חייל 2.7,2026-05-10,switch-home,,מחלקה 2
חייל 2.7,2026-05-11,home,,מחלקה 2
חייל 2.7,2026-05-12,home,,מחלקה 2
חייל 2.7,2026-05-13,home,,מחלקה 2
חייל 2.7,2026-05-14,home,,מחלקה 2
חייל 2.7,2026-05-15,home,,מחלקה 2
חייל 2.7,2026-05-16,home,,מחלקה 2
חייל 2.7,2026-05-17,home,,מחלקה 2
חייל 2.7,2026-05-18,home,,מחלקה 2
חייל 2.7,2026-05-19,switch-base,,מחלקה 2
חייל 2.7,2026-05-20,activity,,מחלקה 2
חייל 2.7,2026-05-21,activity,,מחלקה 2
חייל 2.7,2026-05-22,activity,,מחלקה 2
חייל 2.7,2026-05-23,activity,,מחלקה 2
חייל 2.7,2026-05-24,activity,,מחלקה 2
חייל 2.7,2026-05-25,activity,הכשרה,מחלקה 2
חייל 2.7,2026-05-26,activity,,מחלקה 2
חייל 2.7,2026-05-27,activity,,מחלקה 2
חייל 2.7,2026-05-28,activity,,מחלקה 2
חייל 2.7,2026-05-29,activity,,מחלקה 2
חייל 2.7,2026-05-30,switch-home,,מחלקה 2
חייל 2.7,2026-05-31,home,,מחלקה 2
חייל 2.7,2026-06-01,home,,מחלקה 2
חייל 2.7,2026-06-02,home,,מחלקה 2
חייל 2.7,2026-06-03,home,דו״ח,מחלקה 2
חייל 2.7,2026-06-04,home,,מחלקה 2
חייל 2.7,2026-06-05,home,,מחלקה 2
חייל 2.7,2026-06-06,home,,מחלקה 2
חייל 2.7,2026-06-07,home,,מחלקה 2
חייל 2.7,2026-06-08,switch-base,,מחלקה 2
חייל 2.7,2026-06-09,activity,,מחלקה 2
חייל 2.7,2026-06-10,activity,הכשרה,מחלקה 2
חייל 2.7,2026-06-11,activity,,מחלקה 2
חייל 2.7,2026-06-12,activity,,מחלקה 2
חייל 2.7,2026-06-13,activity,,מחלקה 2
חייל 2.7,2026-06-14,activity,,מחלקה 2
חייל 2.7,2026-06-15,activity,,מחלקה 2
חייל 2.7,2026-06-16,activity,,מחלקה 2
חייל 2.7,2026-06-17,activity,,מחלקה 2
חייל 2.7,2026-06-18,activity,,מחלקה 2
חייל 2.8,2026-04-26,activity,,מחלקה 2
חייל 2.8,2026-04-27,activity,,מחלקה 2
חייל 2.8,2026-04-28,activity,תחזוקה,מחלקה 2
חייל 2.8,2026-04-29,activity,,מחלקה 2
חייל 2.8,2026-04-30,activity,,מחלקה 2
חייל 2.8,2026-05-01,activity,,מחלקה 2
חייל 2.8,2026-05-02,activity,,מחלקה 2
חייל 2.8,2026-05-03,activity,,מחלקה 2
חייל 2.8,2026-05-04,activity,,מחלקה 2
חייל 2.8,2026-05-05,activity,,מחלקה 2
חייל 2.8,2026-05-06,activity,,מחלקה 2
חייל 2.8,2026-05-07,activity,,מחלקה 2
חייל 2.8,2026-05-08,activity,ביקורת ציוד,מחלקה 2
חייל 2.8,2026-05-09,activity,,מחלקה 2
חייל 2.8,2026-05-10,switch-home,,מחלקה 2
חייל 2.8,2026-05-11,home,,מחלקה 2
חייל 2.8,2026-05-12,home,,מחלקה 2
חייל 2.8,2026-05-13,home,,מחלקה 2
חייל 2.8,2026-05-14,home,,מחלקה 2
חייל 2.8,2026-05-15,home,,מחלקה 2
חייל 2.8,2026-05-16,home,,מחלקה 2
חייל 2.8,2026-05-17,home,,מחלקה 2
חייל 2.8,2026-05-18,home,דו״ח,מחלקה 2
חייל 2.8,2026-05-19,switch-base,,מחלקה 2
חייל 2.8,2026-05-20,activity,,מחלקה 2
חייל 2.8,2026-05-21,activity,,מחלקה 2
חייל 2.8,2026-05-22,activity,,מחלקה 2
חייל 2.8,2026-05-23,activity,,מחלקה 2
חייל 2.8,2026-05-24,activity,,מחלקה 2
חייל 2.8,2026-05-25,activity,,מחלקה 2
חייל 2.8,2026-05-26,activity,,מחלקה 2
חייל 2.8,2026-05-27,activity,,מחלקה 2
חייל 2.8,2026-05-28,activity,הכשרה,מחלקה 2
חייל 2.8,2026-05-29,activity,,מחלקה 2
חייל 2.8,2026-05-30,switch-home,,מחלקה 2
חייל 2.8,2026-05-31,home,,מחלקה 2
חייל 2.8,2026-06-01,home,,מחלקה 2
חייל 2.8,2026-06-02,home,,מחלקה 2
חייל 2.8,2026-06-03,home,,מחלקה 2
חייל 2.8,2026-06-04,home,סריקות,מחלקה 2
חייל 2.8,2026-06-05,home,דו״ח,מחלקה 2
חייל 2.8,2026-06-06,home,,מחלקה 2
חייל 2.8,2026-06-07,home,,מחלקה 2
חייל 2.8,2026-06-08,switch-base,,מחלקה 2
חייל 2.8,2026-06-09,activity,,מחלקה 2
חייל 2.8,2026-06-10,activity,,מחלקה 2
חייל 2.8,2026-06-11,activity,,מחלקה 2
חייל 2.8,2026-06-12,activity,סריקות,מחלקה 2
חייל 2.8,2026-06-13,activity,,מחלקה 2
חייל 2.8,2026-06-14,activity,,מחלקה 2
חייל 2.8,2026-06-15,activity,,מחלקה 2
חייל 2.8,2026-06-16,activity,,מחלקה 2
חייל 2.8,2026-06-17,activity,,מחלקה 2
חייל 2.8,2026-06-18,activity,,מחלקה 2
חייל 2.9,2026-04-26,activity,,מחלקה 2
חייל 2.9,2026-04-27,activity,,מחלקה 2
חייל 2.9,2026-04-28,activity,,מחלקה 2
חייל 2.9,2026-04-29,activity,תחזוקה,מחלקה 2
חייל 2.9,2026-04-30,activity,,מחלקה 2
חייל 2.9,2026-05-01,activity,,מחלקה 2
חייל 2.9,2026-05-02,activity,תדריך,מחלקה 2
חייל 2.9,2026-05-03,activity,,מחלקה 2
חייל 2.9,2026-05-04,activity,,מחלקה 2
חייל 2.9,2026-05-05,activity,,מחלקה 2
חייל 2.9,2026-05-06,activity,,מחלקה 2
חייל 2.9,2026-05-07,activity,,מחלקה 2
חייל 2.9,2026-05-08,activity,,מחלקה 2
חייל 2.9,2026-05-09,activity,,מחלקה 2
חייל 2.9,2026-05-10,switch-home,ביקורת ציוד,מחלקה 2
חייל 2.9,2026-05-11,home,,מחלקה 2
חייל 2.9,2026-05-12,home,,מחלקה 2
חייל 2.9,2026-05-13,home,שמירה,מחלקה 2
חייל 2.9,2026-05-14,home,,מחלקה 2
חייל 2.9,2026-05-15,home,,מחלקה 2
חייל 2.9,2026-05-16,home,,מחלקה 2
חייל 2.9,2026-05-17,home,דו״ח,מחלקה 2
חייל 2.9,2026-05-18,home,,מחלקה 2
חייל 2.9,2026-05-19,switch-base,,מחלקה 2
חייל 2.9,2026-05-20,activity,,מחלקה 2
חייל 2.9,2026-05-21,activity,,מחלקה 2
חייל 2.9,2026-05-22,activity,,מחלקה 2
חייל 2.9,2026-05-23,activity,,מחלקה 2
חייל 2.9,2026-05-24,activity,,מחלקה 2
חייל 2.9,2026-05-25,activity,,מחלקה 2
חייל 2.9,2026-05-26,activity,,מחלקה 2
חייל 2.9,2026-05-27,activity,,מחלקה 2
חייל 2.9,2026-05-28,activity,,מחלקה 2
חייל 2.9,2026-05-29,activity,,מחלקה 2
חייל 2.9,2026-05-30,switch-home,,מחלקה 2
חייל 2.9,2026-05-31,home,,מחלקה 2
חייל 2.9,2026-06-01,home,,מחלקה 2
חייל 2.9,2026-06-02,home,,מחלקה 2
חייל 2.9,2026-06-03,home,אימון ירי,מחלקה 2
חייל 2.9,2026-06-04,home,,מחלקה 2
חייל 2.9,2026-06-05,home,,מחלקה 2
חייל 2.9,2026-06-06,home,,מחלקה 2
חייל 2.9,2026-06-07,home,,מחלקה 2
חייל 2.9,2026-06-08,switch-base,,מחלקה 2
חייל 2.9,2026-06-09,activity,,מחלקה 2
חייל 2.9,2026-06-10,activity,,מחלקה 2
חייל 2.9,2026-06-11,activity,,מחלקה 2
חייל 2.9,2026-06-12,activity,,מחלקה 2
חייל 2.9,2026-06-13,activity,,מחלקה 2
חייל 2.9,2026-06-14,activity,,מחלקה 2
חייל 2.9,2026-06-15,activity,,מחלקה 2
חייל 2.9,2026-06-16,activity,,מחלקה 2
חייל 2.9,2026-06-17,activity,,מחלקה 2
חייל 2.9,2026-06-18,activity,,מחלקה 2
חייל 2.10,2026-04-26,activity,תדריך,מחלקה 2
חייל 2.10,2026-04-27,activity,,מחלקה 2
חייל 2.10,2026-04-28,activity,,מחלקה 2
חייל 2.10,2026-04-29,activity,,מחלקה 2
חייל 2.10,2026-04-30,activity,,מחלקה 2
חייל 2.10,2026-05-01,activity,,מחלקה 2
חייל 2.10,2026-05-02,activity,,מחלקה 2
חייל 2.10,2026-05-03,activity,,מחלקה 2
חייל 2.10,2026-05-04,activity,,מחלקה 2
חייל 2.10,2026-05-05,activity,,מחלקה 2
חייל 2.10,2026-05-06,activity,,מחלקה 2
חייל 2.10,2026-05-07,activity,,מחלקה 2
חייל 2.10,2026-05-08,activity,,מחלקה 2
חייל 2.10,2026-05-09,activity,,מחלקה 2
חייל 2.10,2026-05-10,switch-home,,מחלקה 2
חייל 2.10,2026-05-11,home,,מחלקה 2
חייל 2.10,2026-05-12,home,,מחלקה 2
חייל 2.10,2026-05-13,home,,מחלקה 2
חייל 2.10,2026-05-14,home,,מחלקה 2
חייל 2.10,2026-05-15,home,,מחלקה 2
חייל 2.10,2026-05-16,home,,מחלקה 2
חייל 2.10,2026-05-17,home,,מחלקה 2
חייל 2.10,2026-05-18,home,,מחלקה 2
חייל 2.10,2026-05-19,switch-base,,מחלקה 2
חייל 2.10,2026-05-20,activity,שמירה,מחלקה 2
חייל 2.10,2026-05-21,activity,תרגיל,מחלקה 2
חייל 2.10,2026-05-22,activity,,מחלקה 2
חייל 2.10,2026-05-23,activity,,מחלקה 2
חייל 2.10,2026-05-24,activity,,מחלקה 2
חייל 2.10,2026-05-25,activity,,מחלקה 2
חייל 2.10,2026-05-26,activity,,מחלקה 2
חייל 2.10,2026-05-27,activity,תחזוקה,מחלקה 2
חייל 2.10,2026-05-28,activity,,מחלקה 2
חייל 2.10,2026-05-29,activity,,מחלקה 2
חייל 2.10,2026-05-30,switch-home,,מחלקה 2
חייל 2.10,2026-05-31,home,,מחלקה 2
חייל 2.10,2026-06-01,home,,מחלקה 2
חייל 2.10,2026-06-02,home,,מחלקה 2
חייל 2.10,2026-06-03,home,,מחלקה 2
חייל 2.10,2026-06-04,home,,מחלקה 2
חייל 2.10,2026-06-05,home,,מחלקה 2
חייל 2.10,2026-06-06,home,,מחלקה 2
חייל 2.10,2026-06-07,home,,מחלקה 2
חייל 2.10,2026-06-08,switch-base,,מחלקה 2
חייל 2.10,2026-06-09,activity,,מחלקה 2
חייל 2.10,2026-06-10,activity,,מחלקה 2
חייל 2.10,2026-06-11,activity,תדריך,מחלקה 2
חייל 2.10,2026-06-12,activity,,מחלקה 2
חייל 2.10,2026-06-13,activity,שמירה,מחלקה 2
חייל 2.10,2026-06-14,activity,דו״ח,מחלקה 2
חייל 2.10,2026-06-15,activity,,מחלקה 2
חייל 2.10,2026-06-16,activity,,מחלקה 2
חייל 2.10,2026-06-17,activity,תדריך,מחלקה 2
חייל 2.10,2026-06-18,activity,אבטחה,מחלקה 2
חייל 2.11,2026-04-26,activity,תדריך,מחלקה 2
חייל 2.11,2026-04-27,activity,,מחלקה 2
חייל 2.11,2026-04-28,activity,,מחלקה 2
חייל 2.11,2026-04-29,activity,,מחלקה 2
חייל 2.11,2026-04-30,activity,,מחלקה 2
חייל 2.11,2026-05-01,activity,,מחלקה 2
חייל 2.11,2026-05-02,activity,,מחלקה 2
חייל 2.11,2026-05-03,activity,,מחלקה 2
חייל 2.11,2026-05-04,activity,אימון ירי,מחלקה 2
חייל 2.11,2026-05-05,activity,,מחלקה 2
חייל 2.11,2026-05-06,activity,,מחלקה 2
חייל 2.11,2026-05-07,activity,,מחלקה 2
חייל 2.11,2026-05-08,activity,,מחלקה 2
חייל 2.11,2026-05-09,activity,שמירה,מחלקה 2
חייל 2.11,2026-05-10,switch-home,,מחלקה 2
חייל 2.11,2026-05-11,home,,מחלקה 2
חייל 2.11,2026-05-12,home,,מחלקה 2
חייל 2.11,2026-05-13,home,שמירה,מחלקה 2
חייל 2.11,2026-05-14,home,,מחלקה 2
חייל 2.11,2026-05-15,home,,מחלקה 2
חייל 2.11,2026-05-16,home,,מחלקה 2
חייל 2.11,2026-05-17,home,,מחלקה 2
חייל 2.11,2026-05-18,home,,מחלקה 2
חייל 2.11,2026-05-19,switch-base,,מחלקה 2
חייל 2.11,2026-05-20,activity,,מחלקה 2
חייל 2.11,2026-05-21,activity,,מחלקה 2
חייל 2.11,2026-05-22,activity,,מחלקה 2
חייל 2.11,2026-05-23,activity,,מחלקה 2
חייל 2.11,2026-05-24,activity,,מחלקה 2
חייל 2.11,2026-05-25,activity,,מחלקה 2
חייל 2.11,2026-05-26,activity,הכשרה,מחלקה 2
חייל 2.11,2026-05-27,activity,,מחלקה 2
חייל 2.11,2026-05-28,activity,,מחלקה 2
חייל 2.11,2026-05-29,activity,,מחלקה 2
חייל 2.11,2026-05-30,switch-home,,מחלקה 2
חייל 2.11,2026-05-31,home,,מחלקה 2
חייל 2.11,2026-06-01,home,,מחלקה 2
חייל 2.11,2026-06-02,home,,מחלקה 2
חייל 2.11,2026-06-03,home,,מחלקה 2
חייל 2.11,2026-06-04,home,,מחלקה 2
חייל 2.11,2026-06-05,home,,מחלקה 2
חייל 2.11,2026-06-06,home,,מחלקה 2
חייל 2.11,2026-06-07,home,,מחלקה 2
חייל 2.11,2026-06-08,switch-base,,מחלקה 2
חייל 2.11,2026-06-09,activity,,מחלקה 2
חייל 2.11,2026-06-10,activity,,מחלקה 2
חייל 2.11,2026-06-11,activity,,מחלקה 2
חייל 2.11,2026-06-12,activity,,מחלקה 2
חייל 2.11,2026-06-13,activity,,מחלקה 2
חייל 2.11,2026-06-14,activity,,מחלקה 2
חייל 2.11,2026-06-15,activity,,מחלקה 2
חייל 2.11,2026-06-16,activity,אבטחה,מחלקה 2
חייל 2.11,2026-06-17,activity,,מחלקה 2
חייל 2.11,2026-06-18,activity,,מחלקה 2
חייל 2.12,2026-04-26,activity,תחזוקה,מחלקה 2
חייל 2.12,2026-04-27,activity,,מחלקה 2
חייל 2.12,2026-04-28,activity,,מחלקה 2
חייל 2.12,2026-04-29,activity,,מחלקה 2
חייל 2.12,2026-04-30,activity,,מחלקה 2
חייל 2.12,2026-05-01,activity,אבטחה,מחלקה 2
חייל 2.12,2026-05-02,activity,,מחלקה 2
חייל 2.12,2026-05-03,activity,,מחלקה 2
חייל 2.12,2026-05-04,activity,,מחלקה 2
חייל 2.12,2026-05-05,activity,,מחלקה 2
חייל 2.12,2026-05-06,activity,,מחלקה 2
חייל 2.12,2026-05-07,activity,,מחלקה 2
חייל 2.12,2026-05-08,activity,,מחלקה 2
חייל 2.12,2026-05-09,activity,,מחלקה 2
חייל 2.12,2026-05-10,switch-home,,מחלקה 2
חייל 2.12,2026-05-11,home,,מחלקה 2
חייל 2.12,2026-05-12,home,ביקורת ציוד,מחלקה 2
חייל 2.12,2026-05-13,home,,מחלקה 2
חייל 2.12,2026-05-14,home,,מחלקה 2
חייל 2.12,2026-05-15,home,,מחלקה 2
חייל 2.12,2026-05-16,home,,מחלקה 2
חייל 2.12,2026-05-17,home,,מחלקה 2
חייל 2.12,2026-05-18,home,,מחלקה 2
חייל 2.12,2026-05-19,switch-base,,מחלקה 2
חייל 2.12,2026-05-20,activity,,מחלקה 2
חייל 2.12,2026-05-21,activity,,מחלקה 2
חייל 2.12,2026-05-22,activity,,מחלקה 2
חייל 2.12,2026-05-23,activity,,מחלקה 2
חייל 2.12,2026-05-24,activity,,מחלקה 2
חייל 2.12,2026-05-25,activity,,מחלקה 2
חייל 2.12,2026-05-26,activity,,מחלקה 2
חייל 2.12,2026-05-27,activity,,מחלקה 2
חייל 2.12,2026-05-28,activity,,מחלקה 2
חייל 2.12,2026-05-29,activity,סריקות,מחלקה 2
חייל 2.12,2026-05-30,switch-home,,מחלקה 2
חייל 2.12,2026-05-31,home,,מחלקה 2
חייל 2.12,2026-06-01,home,,מחלקה 2
חייל 2.12,2026-06-02,home,הכשרה,מחלקה 2
חייל 2.12,2026-06-03,home,,מחלקה 2
חייל 2.12,2026-06-04,home,,מחלקה 2
חייל 2.12,2026-06-05,home,,מחלקה 2
חייל 2.12,2026-06-06,home,,מחלקה 2
חייל 2.12,2026-06-07,home,,מחלקה 2
חייל 2.12,2026-06-08,switch-base,,מחלקה 2
חייל 2.12,2026-06-09,activity,,מחלקה 2
חייל 2.12,2026-06-10,activity,,מחלקה 2
חייל 2.12,2026-06-11,activity,,מחלקה 2
חייל 2.12,2026-06-12,activity,,מחלקה 2
חייל 2.12,2026-06-13,activity,,מחלקה 2
חייל 2.12,2026-06-14,activity,,מחלקה 2
חייל 2.12,2026-06-15,activity,,מחלקה 2
חייל 2.12,2026-06-16,activity,,מחלקה 2
חייל 2.12,2026-06-17,activity,,מחלקה 2
חייל 2.12,2026-06-18,activity,,מחלקה 2
חייל 2.13,2026-04-26,activity,,מחלקה 2
חייל 2.13,2026-04-27,activity,,מחלקה 2
חייל 2.13,2026-04-28,activity,,מחלקה 2
חייל 2.13,2026-04-29,activity,,מחלקה 2
חייל 2.13,2026-04-30,activity,הכשרה,מחלקה 2
חייל 2.13,2026-05-01,activity,,מחלקה 2
חייל 2.13,2026-05-02,activity,,מחלקה 2
חייל 2.13,2026-05-03,activity,,מחלקה 2
חייל 2.13,2026-05-04,activity,,מחלקה 2
חייל 2.13,2026-05-05,activity,,מחלקה 2
חייל 2.13,2026-05-06,activity,,מחלקה 2
חייל 2.13,2026-05-07,activity,,מחלקה 2
חייל 2.13,2026-05-08,activity,,מחלקה 2
חייל 2.13,2026-05-09,activity,,מחלקה 2
חייל 2.13,2026-05-10,switch-home,,מחלקה 2
חייל 2.13,2026-05-11,home,,מחלקה 2
חייל 2.13,2026-05-12,home,,מחלקה 2
חייל 2.13,2026-05-13,home,,מחלקה 2
חייל 2.13,2026-05-14,home,,מחלקה 2
חייל 2.13,2026-05-15,home,,מחלקה 2
חייל 2.13,2026-05-16,home,,מחלקה 2
חייל 2.13,2026-05-17,home,,מחלקה 2
חייל 2.13,2026-05-18,home,,מחלקה 2
חייל 2.13,2026-05-19,switch-base,,מחלקה 2
חייל 2.13,2026-05-20,activity,,מחלקה 2
חייל 2.13,2026-05-21,activity,,מחלקה 2
חייל 2.13,2026-05-22,activity,,מחלקה 2
חייל 2.13,2026-05-23,activity,,מחלקה 2
חייל 2.13,2026-05-24,activity,תחזוקה,מחלקה 2
חייל 2.13,2026-05-25,activity,,מחלקה 2
חייל 2.13,2026-05-26,activity,תרגיל,מחלקה 2
חייל 2.13,2026-05-27,activity,,מחלקה 2
חייל 2.13,2026-05-28,activity,,מחלקה 2
חייל 2.13,2026-05-29,activity,,מחלקה 2
חייל 2.13,2026-05-30,switch-home,,מחלקה 2
חייל 2.13,2026-05-31,home,,מחלקה 2
חייל 2.13,2026-06-01,home,,מחלקה 2
חייל 2.13,2026-06-02,home,,מחלקה 2
חייל 2.13,2026-06-03,home,,מחלקה 2
חייל 2.13,2026-06-04,home,,מחלקה 2
חייל 2.13,2026-06-05,home,אימון ירי,מחלקה 2
חייל 2.13,2026-06-06,home,,מחלקה 2
חייל 2.13,2026-06-07,home,,מחלקה 2
חייל 2.13,2026-06-08,switch-base,,מחלקה 2
חייל 2.13,2026-06-09,activity,,מחלקה 2
חייל 2.13,2026-06-10,activity,,מחלקה 2
חייל 2.13,2026-06-11,activity,,מחלקה 2
חייל 2.13,2026-06-12,activity,תדריך,מחלקה 2
חייל 2.13,2026-06-13,activity,,מחלקה 2
חייל 2.13,2026-06-14,activity,שמירה,מחלקה 2
חייל 2.13,2026-06-15,activity,,מחלקה 2
חייל 2.13,2026-06-16,activity,,מחלקה 2
חייל 2.13,2026-06-17,activity,,מחלקה 2
חייל 2.13,2026-06-18,activity,הכשרה,מחלקה 2
חייל 2.14,2026-04-26,activity,,מחלקה 2
חייל 2.14,2026-04-27,activity,,מחלקה 2
חייל 2.14,2026-04-28,activity,,מחלקה 2
חייל 2.14,2026-04-29,activity,,מחלקה 2
חייל 2.14,2026-04-30,activity,,מחלקה 2
חייל 2.14,2026-05-01,activity,,מחלקה 2
חייל 2.14,2026-05-02,activity,,מחלקה 2
חייל 2.14,2026-05-03,activity,,מחלקה 2
חייל 2.14,2026-05-04,activity,דו״ח,מחלקה 2
חייל 2.14,2026-05-05,activity,,מחלקה 2
חייל 2.14,2026-05-06,activity,אימון ירי,מחלקה 2
חייל 2.14,2026-05-07,activity,,מחלקה 2
חייל 2.14,2026-05-08,activity,,מחלקה 2
חייל 2.14,2026-05-09,activity,,מחלקה 2
חייל 2.14,2026-05-10,switch-home,,מחלקה 2
חייל 2.14,2026-05-11,home,,מחלקה 2
חייל 2.14,2026-05-12,home,,מחלקה 2
חייל 2.14,2026-05-13,home,,מחלקה 2
חייל 2.14,2026-05-14,home,,מחלקה 2
חייל 2.14,2026-05-15,home,,מחלקה 2
חייל 2.14,2026-05-16,home,,מחלקה 2
חייל 2.14,2026-05-17,home,,מחלקה 2
חייל 2.14,2026-05-18,home,,מחלקה 2
חייל 2.14,2026-05-19,switch-base,,מחלקה 2
חייל 2.14,2026-05-20,activity,ביקורת ציוד,מחלקה 2
חייל 2.14,2026-05-21,activity,,מחלקה 2
חייל 2.14,2026-05-22,activity,,מחלקה 2
חייל 2.14,2026-05-23,activity,,מחלקה 2
חייל 2.14,2026-05-24,activity,שמירה,מחלקה 2
חייל 2.14,2026-05-25,activity,,מחלקה 2
חייל 2.14,2026-05-26,activity,,מחלקה 2
חייל 2.14,2026-05-27,activity,,מחלקה 2
חייל 2.14,2026-05-28,activity,תרגיל,מחלקה 2
חייל 2.14,2026-05-29,activity,,מחלקה 2
חייל 2.14,2026-05-30,switch-home,,מחלקה 2
חייל 2.14,2026-05-31,home,,מחלקה 2
חייל 2.14,2026-06-01,home,,מחלקה 2
חייל 2.14,2026-06-02,home,,מחלקה 2
חייל 2.14,2026-06-03,home,,מחלקה 2
חייל 2.14,2026-06-04,home,,מחלקה 2
חייל 2.14,2026-06-05,home,אימון ירי,מחלקה 2
חייל 2.14,2026-06-06,home,,מחלקה 2
חייל 2.14,2026-06-07,home,,מחלקה 2
חייל 2.14,2026-06-08,switch-base,,מחלקה 2
חייל 2.14,2026-06-09,activity,,מחלקה 2
חייל 2.14,2026-06-10,activity,,מחלקה 2
חייל 2.14,2026-06-11,activity,,מחלקה 2
חייל 2.14,2026-06-12,activity,תחזוקה,מחלקה 2
חייל 2.14,2026-06-13,activity,,מחלקה 2
חייל 2.14,2026-06-14,activity,,מחלקה 2
חייל 2.14,2026-06-15,activity,,מחלקה 2
חייל 2.14,2026-06-16,activity,,מחלקה 2
חייל 2.14,2026-06-17,activity,,מחלקה 2
חייל 2.14,2026-06-18,activity,,מחלקה 2
מפקד מחלקה 3,2026-04-26,activity,,מחלקה 3
מפקד מחלקה 3,2026-04-27,activity,,מחלקה 3
מפקד מחלקה 3,2026-04-28,activity,,מחלקה 3
מפקד מחלקה 3,2026-04-29,activity,שמירה,מחלקה 3
מפקד מחלקה 3,2026-04-30,activity,,מחלקה 3
מפקד מחלקה 3,2026-05-01,activity,,מחלקה 3
מפקד מחלקה 3,2026-05-02,activity,,מחלקה 3
מפקד מחלקה 3,2026-05-03,activity,,מחלקה 3
מפקד מחלקה 3,2026-05-04,activity,,מחלקה 3
מפקד מחלקה 3,2026-05-05,activity,,מחלקה 3
מפקד מחלקה 3,2026-05-06,activity,,מחלקה 3
מפקד מחלקה 3,2026-05-07,activity,,מחלקה 3
מפקד מחלקה 3,2026-05-08,activity,,מחלקה 3
מפקד מחלקה 3,2026-05-09,activity,תרגיל,מחלקה 3
מפקד מחלקה 3,2026-05-10,activity,,מחלקה 3
מפקד מחלקה 3,2026-05-11,activity,,מחלקה 3
מפקד מחלקה 3,2026-05-12,activity,,מחלקה 3
מפקד מחלקה 3,2026-05-13,activity,,מחלקה 3
מפקד מחלקה 3,2026-05-14,activity,,מחלקה 3
מפקד מחלקה 3,2026-05-15,activity,,מחלקה 3
מפקד מחלקה 3,2026-05-16,activity,,מחלקה 3
מפקד מחלקה 3,2026-05-17,activity,,מחלקה 3
מפקד מחלקה 3,2026-05-18,activity,,מחלקה 3
מפקד מחלקה 3,2026-05-19,activity,,מחלקה 3
מפקד מחלקה 3,2026-05-20,switch-home,,מחלקה 3
מפקד מחלקה 3,2026-05-21,home,,מחלקה 3
מפקד מחלקה 3,2026-05-22,home,אבטחה,מחלקה 3
מפקד מחלקה 3,2026-05-23,home,סריקות,מחלקה 3
מפקד מחלקה 3,2026-05-24,switch-base,,מחלקה 3
מפקד מחלקה 3,2026-05-25,activity,,מחלקה 3
מפקד מחלקה 3,2026-05-26,activity,,מחלקה 3
מפקד מחלקה 3,2026-05-27,activity,,מחלקה 3
מפקד מחלקה 3,2026-05-28,activity,,מחלקה 3
מפקד מחלקה 3,2026-05-29,activity,,מחלקה 3
מפקד מחלקה 3,2026-05-30,activity,,מחלקה 3
מפקד מחלקה 3,2026-05-31,activity,,מחלקה 3
מפקד מחלקה 3,2026-06-01,activity,,מחלקה 3
מפקד מחלקה 3,2026-06-02,activity,,מחלקה 3
מפקד מחלקה 3,2026-06-03,activity,,מחלקה 3
מפקד מחלקה 3,2026-06-04,activity,,מחלקה 3
מפקד מחלקה 3,2026-06-05,activity,אימון ירי,מחלקה 3
מפקד מחלקה 3,2026-06-06,activity,,מחלקה 3
מפקד מחלקה 3,2026-06-07,activity,,מחלקה 3
מפקד מחלקה 3,2026-06-08,activity,,מחלקה 3
מפקד מחלקה 3,2026-06-09,switch-home,,מחלקה 3
מפקד מחלקה 3,2026-06-10,home,,מחלקה 3
מפקד מחלקה 3,2026-06-11,home,,מחלקה 3
מפקד מחלקה 3,2026-06-12,home,סריקות,מחלקה 3
מפקד מחלקה 3,2026-06-13,switch-base,,מחלקה 3
מפקד מחלקה 3,2026-06-14,activity,דו״ח,מחלקה 3
מפקד מחלקה 3,2026-06-15,activity,,מחלקה 3
מפקד מחלקה 3,2026-06-16,activity,,מחלקה 3
מפקד מחלקה 3,2026-06-17,activity,,מחלקה 3
מפקד מחלקה 3,2026-06-18,activity,,מחלקה 3
מ.כ 3.1,2026-04-26,activity,,מחלקה 3
מ.כ 3.1,2026-04-27,activity,,מחלקה 3
מ.כ 3.1,2026-04-28,activity,,מחלקה 3
מ.כ 3.1,2026-04-29,activity,,מחלקה 3
מ.כ 3.1,2026-04-30,activity,,מחלקה 3
מ.כ 3.1,2026-05-01,activity,,מחלקה 3
מ.כ 3.1,2026-05-02,activity,,מחלקה 3
מ.כ 3.1,2026-05-03,activity,,מחלקה 3
מ.כ 3.1,2026-05-04,activity,,מחלקה 3
מ.כ 3.1,2026-05-05,activity,,מחלקה 3
מ.כ 3.1,2026-05-06,activity,,מחלקה 3
מ.כ 3.1,2026-05-07,activity,,מחלקה 3
מ.כ 3.1,2026-05-08,activity,,מחלקה 3
מ.כ 3.1,2026-05-09,activity,,מחלקה 3
מ.כ 3.1,2026-05-10,activity,,מחלקה 3
מ.כ 3.1,2026-05-11,activity,,מחלקה 3
מ.כ 3.1,2026-05-12,activity,,מחלקה 3
מ.כ 3.1,2026-05-13,activity,,מחלקה 3
מ.כ 3.1,2026-05-14,activity,,מחלקה 3
מ.כ 3.1,2026-05-15,activity,,מחלקה 3
מ.כ 3.1,2026-05-16,activity,,מחלקה 3
מ.כ 3.1,2026-05-17,activity,,מחלקה 3
מ.כ 3.1,2026-05-18,activity,,מחלקה 3
מ.כ 3.1,2026-05-19,activity,אימון ירי,מחלקה 3
מ.כ 3.1,2026-05-20,switch-home,,מחלקה 3
מ.כ 3.1,2026-05-21,home,,מחלקה 3
מ.כ 3.1,2026-05-22,home,,מחלקה 3
מ.כ 3.1,2026-05-23,home,,מחלקה 3
מ.כ 3.1,2026-05-24,home,,מחלקה 3
מ.כ 3.1,2026-05-25,home,,מחלקה 3
מ.כ 3.1,2026-05-26,home,שמירה,מחלקה 3
מ.כ 3.1,2026-05-27,home,,מחלקה 3
מ.כ 3.1,2026-05-28,home,,מחלקה 3
מ.כ 3.1,2026-05-29,switch-base,,מחלקה 3
מ.כ 3.1,2026-05-30,activity,,מחלקה 3
מ.כ 3.1,2026-05-31,activity,,מחלקה 3
מ.כ 3.1,2026-06-01,activity,,מחלקה 3
מ.כ 3.1,2026-06-02,activity,,מחלקה 3
מ.כ 3.1,2026-06-03,activity,,מחלקה 3
מ.כ 3.1,2026-06-04,activity,,מחלקה 3
מ.כ 3.1,2026-06-05,activity,,מחלקה 3
מ.כ 3.1,2026-06-06,activity,,מחלקה 3
מ.כ 3.1,2026-06-07,activity,,מחלקה 3
מ.כ 3.1,2026-06-08,activity,,מחלקה 3
מ.כ 3.1,2026-06-09,switch-home,,מחלקה 3
מ.כ 3.1,2026-06-10,home,,מחלקה 3
מ.כ 3.1,2026-06-11,home,,מחלקה 3
מ.כ 3.1,2026-06-12,home,,מחלקה 3
מ.כ 3.1,2026-06-13,home,,מחלקה 3
מ.כ 3.1,2026-06-14,home,,מחלקה 3
מ.כ 3.1,2026-06-15,home,,מחלקה 3
מ.כ 3.1,2026-06-16,home,,מחלקה 3
מ.כ 3.1,2026-06-17,home,,מחלקה 3
מ.כ 3.1,2026-06-18,switch-base,,מחלקה 3
מ.כ 3.2,2026-04-26,activity,,מחלקה 3
מ.כ 3.2,2026-04-27,activity,,מחלקה 3
מ.כ 3.2,2026-04-28,activity,,מחלקה 3
מ.כ 3.2,2026-04-29,activity,,מחלקה 3
מ.כ 3.2,2026-04-30,activity,אבטחה,מחלקה 3
מ.כ 3.2,2026-05-01,activity,,מחלקה 3
מ.כ 3.2,2026-05-02,activity,אימון ירי,מחלקה 3
מ.כ 3.2,2026-05-03,activity,,מחלקה 3
מ.כ 3.2,2026-05-04,activity,,מחלקה 3
מ.כ 3.2,2026-05-05,activity,,מחלקה 3
מ.כ 3.2,2026-05-06,activity,,מחלקה 3
מ.כ 3.2,2026-05-07,activity,,מחלקה 3
מ.כ 3.2,2026-05-08,activity,,מחלקה 3
מ.כ 3.2,2026-05-09,activity,,מחלקה 3
מ.כ 3.2,2026-05-10,activity,,מחלקה 3
מ.כ 3.2,2026-05-11,activity,,מחלקה 3
מ.כ 3.2,2026-05-12,activity,,מחלקה 3
מ.כ 3.2,2026-05-13,activity,,מחלקה 3
מ.כ 3.2,2026-05-14,activity,,מחלקה 3
מ.כ 3.2,2026-05-15,activity,,מחלקה 3
מ.כ 3.2,2026-05-16,activity,,מחלקה 3
מ.כ 3.2,2026-05-17,activity,,מחלקה 3
מ.כ 3.2,2026-05-18,activity,,מחלקה 3
מ.כ 3.2,2026-05-19,activity,,מחלקה 3
מ.כ 3.2,2026-05-20,switch-home,,מחלקה 3
מ.כ 3.2,2026-05-21,home,,מחלקה 3
מ.כ 3.2,2026-05-22,home,,מחלקה 3
מ.כ 3.2,2026-05-23,home,,מחלקה 3
מ.כ 3.2,2026-05-24,home,,מחלקה 3
מ.כ 3.2,2026-05-25,home,,מחלקה 3
מ.כ 3.2,2026-05-26,home,,מחלקה 3
מ.כ 3.2,2026-05-27,home,,מחלקה 3
מ.כ 3.2,2026-05-28,home,,מחלקה 3
מ.כ 3.2,2026-05-29,switch-base,,מחלקה 3
מ.כ 3.2,2026-05-30,activity,,מחלקה 3
מ.כ 3.2,2026-05-31,activity,,מחלקה 3
מ.כ 3.2,2026-06-01,activity,,מחלקה 3
מ.כ 3.2,2026-06-02,activity,,מחלקה 3
מ.כ 3.2,2026-06-03,activity,,מחלקה 3
מ.כ 3.2,2026-06-04,activity,,מחלקה 3
מ.כ 3.2,2026-06-05,activity,,מחלקה 3
מ.כ 3.2,2026-06-06,activity,,מחלקה 3
מ.כ 3.2,2026-06-07,activity,,מחלקה 3
מ.כ 3.2,2026-06-08,activity,,מחלקה 3
מ.כ 3.2,2026-06-09,switch-home,,מחלקה 3
מ.כ 3.2,2026-06-10,home,,מחלקה 3
מ.כ 3.2,2026-06-11,home,,מחלקה 3
מ.כ 3.2,2026-06-12,home,,מחלקה 3
מ.כ 3.2,2026-06-13,home,,מחלקה 3
מ.כ 3.2,2026-06-14,home,,מחלקה 3
מ.כ 3.2,2026-06-15,home,,מחלקה 3
מ.כ 3.2,2026-06-16,home,,מחלקה 3
מ.כ 3.2,2026-06-17,home,,מחלקה 3
מ.כ 3.2,2026-06-18,switch-base,,מחלקה 3
מ.כ 3.3,2026-04-26,activity,,מחלקה 3
מ.כ 3.3,2026-04-27,activity,,מחלקה 3
מ.כ 3.3,2026-04-28,activity,,מחלקה 3
מ.כ 3.3,2026-04-29,activity,,מחלקה 3
מ.כ 3.3,2026-04-30,activity,,מחלקה 3
מ.כ 3.3,2026-05-01,activity,,מחלקה 3
מ.כ 3.3,2026-05-02,activity,,מחלקה 3
מ.כ 3.3,2026-05-03,activity,אבטחה,מחלקה 3
מ.כ 3.3,2026-05-04,activity,,מחלקה 3
מ.כ 3.3,2026-05-05,activity,,מחלקה 3
מ.כ 3.3,2026-05-06,activity,,מחלקה 3
מ.כ 3.3,2026-05-07,activity,,מחלקה 3
מ.כ 3.3,2026-05-08,activity,,מחלקה 3
מ.כ 3.3,2026-05-09,activity,,מחלקה 3
מ.כ 3.3,2026-05-10,activity,,מחלקה 3
מ.כ 3.3,2026-05-11,activity,,מחלקה 3
מ.כ 3.3,2026-05-12,activity,,מחלקה 3
מ.כ 3.3,2026-05-13,activity,,מחלקה 3
מ.כ 3.3,2026-05-14,activity,ביקורת ציוד,מחלקה 3
מ.כ 3.3,2026-05-15,activity,,מחלקה 3
מ.כ 3.3,2026-05-16,activity,,מחלקה 3
מ.כ 3.3,2026-05-17,activity,,מחלקה 3
מ.כ 3.3,2026-05-18,activity,,מחלקה 3
מ.כ 3.3,2026-05-19,activity,,מחלקה 3
מ.כ 3.3,2026-05-20,switch-home,,מחלקה 3
מ.כ 3.3,2026-05-21,home,,מחלקה 3
מ.כ 3.3,2026-05-22,home,דו״ח,מחלקה 3
מ.כ 3.3,2026-05-23,home,,מחלקה 3
מ.כ 3.3,2026-05-24,home,,מחלקה 3
מ.כ 3.3,2026-05-25,home,,מחלקה 3
מ.כ 3.3,2026-05-26,home,אימון ירי,מחלקה 3
מ.כ 3.3,2026-05-27,home,,מחלקה 3
מ.כ 3.3,2026-05-28,home,,מחלקה 3
מ.כ 3.3,2026-05-29,switch-base,,מחלקה 3
מ.כ 3.3,2026-05-30,activity,,מחלקה 3
מ.כ 3.3,2026-05-31,activity,,מחלקה 3
מ.כ 3.3,2026-06-01,activity,,מחלקה 3
מ.כ 3.3,2026-06-02,activity,סריקות,מחלקה 3
מ.כ 3.3,2026-06-03,activity,,מחלקה 3
מ.כ 3.3,2026-06-04,activity,,מחלקה 3
מ.כ 3.3,2026-06-05,activity,,מחלקה 3
מ.כ 3.3,2026-06-06,activity,,מחלקה 3
מ.כ 3.3,2026-06-07,activity,,מחלקה 3
מ.כ 3.3,2026-06-08,activity,,מחלקה 3
מ.כ 3.3,2026-06-09,switch-home,,מחלקה 3
מ.כ 3.3,2026-06-10,home,אבטחה,מחלקה 3
מ.כ 3.3,2026-06-11,home,,מחלקה 3
מ.כ 3.3,2026-06-12,home,,מחלקה 3
מ.כ 3.3,2026-06-13,home,,מחלקה 3
מ.כ 3.3,2026-06-14,home,,מחלקה 3
מ.כ 3.3,2026-06-15,home,,מחלקה 3
מ.כ 3.3,2026-06-16,home,,מחלקה 3
מ.כ 3.3,2026-06-17,home,אבטחה,מחלקה 3
מ.כ 3.3,2026-06-18,switch-base,,מחלקה 3
נהג 3.4,2026-04-26,activity,,מחלקה 3
נהג 3.4,2026-04-27,activity,,מחלקה 3
נהג 3.4,2026-04-28,activity,,מחלקה 3
נהג 3.4,2026-04-29,activity,,מחלקה 3
נהג 3.4,2026-04-30,activity,,מחלקה 3
נהג 3.4,2026-05-01,activity,,מחלקה 3
נהג 3.4,2026-05-02,activity,,מחלקה 3
נהג 3.4,2026-05-03,activity,,מחלקה 3
נהג 3.4,2026-05-04,activity,,מחלקה 3
נהג 3.4,2026-05-05,activity,,מחלקה 3
נהג 3.4,2026-05-06,activity,,מחלקה 3
נהג 3.4,2026-05-07,activity,,מחלקה 3
נהג 3.4,2026-05-08,activity,,מחלקה 3
נהג 3.4,2026-05-09,activity,,מחלקה 3
נהג 3.4,2026-05-10,activity,,מחלקה 3
נהג 3.4,2026-05-11,activity,,מחלקה 3
נהג 3.4,2026-05-12,activity,,מחלקה 3
נהג 3.4,2026-05-13,activity,אימון ירי,מחלקה 3
נהג 3.4,2026-05-14,activity,,מחלקה 3
נהג 3.4,2026-05-15,activity,,מחלקה 3
נהג 3.4,2026-05-16,activity,,מחלקה 3
נהג 3.4,2026-05-17,activity,,מחלקה 3
נהג 3.4,2026-05-18,activity,,מחלקה 3
נהג 3.4,2026-05-19,activity,,מחלקה 3
נהג 3.4,2026-05-20,switch-home,,מחלקה 3
נהג 3.4,2026-05-21,home,,מחלקה 3
נהג 3.4,2026-05-22,home,,מחלקה 3
נהג 3.4,2026-05-23,home,,מחלקה 3
נהג 3.4,2026-05-24,home,,מחלקה 3
נהג 3.4,2026-05-25,home,,מחלקה 3
נהג 3.4,2026-05-26,home,,מחלקה 3
נהג 3.4,2026-05-27,home,,מחלקה 3
נהג 3.4,2026-05-28,home,,מחלקה 3
נהג 3.4,2026-05-29,switch-base,,מחלקה 3
נהג 3.4,2026-05-30,activity,,מחלקה 3
נהג 3.4,2026-05-31,activity,,מחלקה 3
נהג 3.4,2026-06-01,activity,,מחלקה 3
נהג 3.4,2026-06-02,activity,,מחלקה 3
נהג 3.4,2026-06-03,activity,,מחלקה 3
נהג 3.4,2026-06-04,activity,,מחלקה 3
נהג 3.4,2026-06-05,activity,,מחלקה 3
נהג 3.4,2026-06-06,activity,,מחלקה 3
נהג 3.4,2026-06-07,activity,,מחלקה 3
נהג 3.4,2026-06-08,activity,,מחלקה 3
נהג 3.4,2026-06-09,switch-home,,מחלקה 3
נהג 3.4,2026-06-10,home,,מחלקה 3
נהג 3.4,2026-06-11,home,,מחלקה 3
נהג 3.4,2026-06-12,home,,מחלקה 3
נהג 3.4,2026-06-13,home,,מחלקה 3
נהג 3.4,2026-06-14,home,,מחלקה 3
נהג 3.4,2026-06-15,home,,מחלקה 3
נהג 3.4,2026-06-16,home,,מחלקה 3
נהג 3.4,2026-06-17,home,,מחלקה 3
נהג 3.4,2026-06-18,switch-base,,מחלקה 3
נהג 3.5,2026-04-26,activity,,מחלקה 3
נהג 3.5,2026-04-27,activity,,מחלקה 3
נהג 3.5,2026-04-28,activity,,מחלקה 3
נהג 3.5,2026-04-29,activity,,מחלקה 3
נהג 3.5,2026-04-30,activity,,מחלקה 3
נהג 3.5,2026-05-01,activity,,מחלקה 3
נהג 3.5,2026-05-02,activity,,מחלקה 3
נהג 3.5,2026-05-03,activity,,מחלקה 3
נהג 3.5,2026-05-04,activity,,מחלקה 3
נהג 3.5,2026-05-05,activity,,מחלקה 3
נהג 3.5,2026-05-06,activity,,מחלקה 3
נהג 3.5,2026-05-07,activity,,מחלקה 3
נהג 3.5,2026-05-08,activity,,מחלקה 3
נהג 3.5,2026-05-09,activity,,מחלקה 3
נהג 3.5,2026-05-10,activity,,מחלקה 3
נהג 3.5,2026-05-11,activity,,מחלקה 3
נהג 3.5,2026-05-12,activity,,מחלקה 3
נהג 3.5,2026-05-13,activity,,מחלקה 3
נהג 3.5,2026-05-14,activity,,מחלקה 3
נהג 3.5,2026-05-15,activity,,מחלקה 3
נהג 3.5,2026-05-16,activity,,מחלקה 3
נהג 3.5,2026-05-17,activity,,מחלקה 3
נהג 3.5,2026-05-18,activity,שמירה,מחלקה 3
נהג 3.5,2026-05-19,activity,סריקות,מחלקה 3
נהג 3.5,2026-05-20,switch-home,,מחלקה 3
נהג 3.5,2026-05-21,home,,מחלקה 3
נהג 3.5,2026-05-22,home,,מחלקה 3
נהג 3.5,2026-05-23,home,,מחלקה 3
נהג 3.5,2026-05-24,home,הכשרה,מחלקה 3
נהג 3.5,2026-05-25,home,,מחלקה 3
נהג 3.5,2026-05-26,home,,מחלקה 3
נהג 3.5,2026-05-27,home,,מחלקה 3
נהג 3.5,2026-05-28,home,,מחלקה 3
נהג 3.5,2026-05-29,switch-base,,מחלקה 3
נהג 3.5,2026-05-30,activity,,מחלקה 3
נהג 3.5,2026-05-31,activity,,מחלקה 3
נהג 3.5,2026-06-01,activity,,מחלקה 3
נהג 3.5,2026-06-02,activity,תרגיל,מחלקה 3
נהג 3.5,2026-06-03,activity,סריקות,מחלקה 3
נהג 3.5,2026-06-04,activity,,מחלקה 3
נהג 3.5,2026-06-05,activity,,מחלקה 3
נהג 3.5,2026-06-06,activity,,מחלקה 3
נהג 3.5,2026-06-07,activity,,מחלקה 3
נהג 3.5,2026-06-08,activity,,מחלקה 3
נהג 3.5,2026-06-09,switch-home,,מחלקה 3
נהג 3.5,2026-06-10,home,דו״ח,מחלקה 3
נהג 3.5,2026-06-11,home,,מחלקה 3
נהג 3.5,2026-06-12,home,,מחלקה 3
נהג 3.5,2026-06-13,home,,מחלקה 3
נהג 3.5,2026-06-14,home,,מחלקה 3
נהג 3.5,2026-06-15,home,,מחלקה 3
נהג 3.5,2026-06-16,home,,מחלקה 3
נהג 3.5,2026-06-17,home,,מחלקה 3
נהג 3.5,2026-06-18,switch-base,,מחלקה 3
נהג 3.6,2026-04-26,activity,סריקות,מחלקה 3
נהג 3.6,2026-04-27,activity,,מחלקה 3
נהג 3.6,2026-04-28,activity,,מחלקה 3
נהג 3.6,2026-04-29,activity,,מחלקה 3
נהג 3.6,2026-04-30,activity,,מחלקה 3
נהג 3.6,2026-05-01,activity,,מחלקה 3
נהג 3.6,2026-05-02,activity,שמירה,מחלקה 3
נהג 3.6,2026-05-03,activity,תרגיל,מחלקה 3
נהג 3.6,2026-05-04,activity,,מחלקה 3
נהג 3.6,2026-05-05,activity,,מחלקה 3
נהג 3.6,2026-05-06,activity,,מחלקה 3
נהג 3.6,2026-05-07,activity,,מחלקה 3
נהג 3.6,2026-05-08,activity,,מחלקה 3
נהג 3.6,2026-05-09,activity,,מחלקה 3
נהג 3.6,2026-05-10,activity,,מחלקה 3
נהג 3.6,2026-05-11,activity,,מחלקה 3
נהג 3.6,2026-05-12,activity,,מחלקה 3
נהג 3.6,2026-05-13,activity,,מחלקה 3
נהג 3.6,2026-05-14,activity,,מחלקה 3
נהג 3.6,2026-05-15,activity,,מחלקה 3
נהג 3.6,2026-05-16,activity,,מחלקה 3
נהג 3.6,2026-05-17,activity,,מחלקה 3
נהג 3.6,2026-05-18,activity,,מחלקה 3
נהג 3.6,2026-05-19,activity,,מחלקה 3
נהג 3.6,2026-05-20,switch-home,,מחלקה 3
נהג 3.6,2026-05-21,home,,מחלקה 3
נהג 3.6,2026-05-22,home,,מחלקה 3
נהג 3.6,2026-05-23,home,,מחלקה 3
נהג 3.6,2026-05-24,home,,מחלקה 3
נהג 3.6,2026-05-25,home,,מחלקה 3
נהג 3.6,2026-05-26,home,,מחלקה 3
נהג 3.6,2026-05-27,home,,מחלקה 3
נהג 3.6,2026-05-28,home,,מחלקה 3
נהג 3.6,2026-05-29,switch-base,,מחלקה 3
נהג 3.6,2026-05-30,activity,,מחלקה 3
נהג 3.6,2026-05-31,activity,,מחלקה 3
נהג 3.6,2026-06-01,activity,,מחלקה 3
נהג 3.6,2026-06-02,activity,,מחלקה 3
נהג 3.6,2026-06-03,activity,,מחלקה 3
נהג 3.6,2026-06-04,activity,,מחלקה 3
נהג 3.6,2026-06-05,activity,,מחלקה 3
נהג 3.6,2026-06-06,activity,,מחלקה 3
נהג 3.6,2026-06-07,activity,,מחלקה 3
נהג 3.6,2026-06-08,activity,,מחלקה 3
נהג 3.6,2026-06-09,switch-home,,מחלקה 3
נהג 3.6,2026-06-10,home,,מחלקה 3
נהג 3.6,2026-06-11,home,,מחלקה 3
נהג 3.6,2026-06-12,home,,מחלקה 3
נהג 3.6,2026-06-13,home,,מחלקה 3
נהג 3.6,2026-06-14,home,הכשרה,מחלקה 3
נהג 3.6,2026-06-15,home,תדריך,מחלקה 3
נהג 3.6,2026-06-16,home,,מחלקה 3
נהג 3.6,2026-06-17,home,,מחלקה 3
נהג 3.6,2026-06-18,switch-base,אימון ירי,מחלקה 3
חייל 3.7,2026-04-26,activity,,מחלקה 3
חייל 3.7,2026-04-27,activity,,מחלקה 3
חייל 3.7,2026-04-28,activity,,מחלקה 3
חייל 3.7,2026-04-29,activity,,מחלקה 3
חייל 3.7,2026-04-30,activity,,מחלקה 3
חייל 3.7,2026-05-01,activity,,מחלקה 3
חייל 3.7,2026-05-02,activity,,מחלקה 3
חייל 3.7,2026-05-03,activity,,מחלקה 3
חייל 3.7,2026-05-04,activity,,מחלקה 3
חייל 3.7,2026-05-05,activity,,מחלקה 3
חייל 3.7,2026-05-06,activity,,מחלקה 3
חייל 3.7,2026-05-07,activity,,מחלקה 3
חייל 3.7,2026-05-08,activity,,מחלקה 3
חייל 3.7,2026-05-09,activity,,מחלקה 3
חייל 3.7,2026-05-10,activity,,מחלקה 3
חייל 3.7,2026-05-11,activity,,מחלקה 3
חייל 3.7,2026-05-12,activity,,מחלקה 3
חייל 3.7,2026-05-13,activity,,מחלקה 3
חייל 3.7,2026-05-14,activity,,מחלקה 3
חייל 3.7,2026-05-15,activity,,מחלקה 3
חייל 3.7,2026-05-16,activity,,מחלקה 3
חייל 3.7,2026-05-17,activity,ביקורת ציוד,מחלקה 3
חייל 3.7,2026-05-18,activity,,מחלקה 3
חייל 3.7,2026-05-19,activity,אימון ירי,מחלקה 3
חייל 3.7,2026-05-20,switch-home,,מחלקה 3
חייל 3.7,2026-05-21,home,,מחלקה 3
חייל 3.7,2026-05-22,home,,מחלקה 3
חייל 3.7,2026-05-23,home,,מחלקה 3
חייל 3.7,2026-05-24,home,,מחלקה 3
חייל 3.7,2026-05-25,home,אימון ירי,מחלקה 3
חייל 3.7,2026-05-26,home,,מחלקה 3
חייל 3.7,2026-05-27,home,,מחלקה 3
חייל 3.7,2026-05-28,home,,מחלקה 3
חייל 3.7,2026-05-29,switch-base,,מחלקה 3
חייל 3.7,2026-05-30,activity,,מחלקה 3
חייל 3.7,2026-05-31,activity,,מחלקה 3
חייל 3.7,2026-06-01,activity,,מחלקה 3
חייל 3.7,2026-06-02,activity,,מחלקה 3
חייל 3.7,2026-06-03,activity,,מחלקה 3
חייל 3.7,2026-06-04,activity,,מחלקה 3
חייל 3.7,2026-06-05,activity,,מחלקה 3
חייל 3.7,2026-06-06,activity,,מחלקה 3
חייל 3.7,2026-06-07,activity,,מחלקה 3
חייל 3.7,2026-06-08,activity,,מחלקה 3
חייל 3.7,2026-06-09,switch-home,,מחלקה 3
חייל 3.7,2026-06-10,home,,מחלקה 3
חייל 3.7,2026-06-11,home,,מחלקה 3
חייל 3.7,2026-06-12,home,אימון ירי,מחלקה 3
חייל 3.7,2026-06-13,home,תרגיל,מחלקה 3
חייל 3.7,2026-06-14,home,,מחלקה 3
חייל 3.7,2026-06-15,home,,מחלקה 3
חייל 3.7,2026-06-16,home,,מחלקה 3
חייל 3.7,2026-06-17,home,,מחלקה 3
חייל 3.7,2026-06-18,switch-base,,מחלקה 3
חייל 3.8,2026-04-26,activity,,מחלקה 3
חייל 3.8,2026-04-27,activity,,מחלקה 3
חייל 3.8,2026-04-28,activity,,מחלקה 3
חייל 3.8,2026-04-29,activity,,מחלקה 3
חייל 3.8,2026-04-30,activity,,מחלקה 3
חייל 3.8,2026-05-01,activity,,מחלקה 3
חייל 3.8,2026-05-02,activity,,מחלקה 3
חייל 3.8,2026-05-03,activity,אימון ירי,מחלקה 3
חייל 3.8,2026-05-04,activity,,מחלקה 3
חייל 3.8,2026-05-05,activity,,מחלקה 3
חייל 3.8,2026-05-06,activity,,מחלקה 3
חייל 3.8,2026-05-07,activity,,מחלקה 3
חייל 3.8,2026-05-08,activity,,מחלקה 3
חייל 3.8,2026-05-09,activity,,מחלקה 3
חייל 3.8,2026-05-10,activity,,מחלקה 3
חייל 3.8,2026-05-11,activity,,מחלקה 3
חייל 3.8,2026-05-12,activity,,מחלקה 3
חייל 3.8,2026-05-13,activity,,מחלקה 3
חייל 3.8,2026-05-14,activity,,מחלקה 3
חייל 3.8,2026-05-15,activity,,מחלקה 3
חייל 3.8,2026-05-16,activity,,מחלקה 3
חייל 3.8,2026-05-17,activity,,מחלקה 3
חייל 3.8,2026-05-18,activity,,מחלקה 3
חייל 3.8,2026-05-19,activity,,מחלקה 3
חייל 3.8,2026-05-20,switch-home,סריקות,מחלקה 3
חייל 3.8,2026-05-21,home,,מחלקה 3
חייל 3.8,2026-05-22,home,,מחלקה 3
חייל 3.8,2026-05-23,home,שמירה,מחלקה 3
חייל 3.8,2026-05-24,home,,מחלקה 3
חייל 3.8,2026-05-25,home,,מחלקה 3
חייל 3.8,2026-05-26,home,,מחלקה 3
חייל 3.8,2026-05-27,home,,מחלקה 3
חייל 3.8,2026-05-28,home,,מחלקה 3
חייל 3.8,2026-05-29,switch-base,,מחלקה 3
חייל 3.8,2026-05-30,activity,,מחלקה 3
חייל 3.8,2026-05-31,activity,,מחלקה 3
חייל 3.8,2026-06-01,activity,,מחלקה 3
חייל 3.8,2026-06-02,activity,,מחלקה 3
חייל 3.8,2026-06-03,activity,,מחלקה 3
חייל 3.8,2026-06-04,activity,,מחלקה 3
חייל 3.8,2026-06-05,activity,,מחלקה 3
חייל 3.8,2026-06-06,activity,,מחלקה 3
חייל 3.8,2026-06-07,activity,הכשרה,מחלקה 3
חייל 3.8,2026-06-08,activity,,מחלקה 3
חייל 3.8,2026-06-09,switch-home,,מחלקה 3
חייל 3.8,2026-06-10,home,,מחלקה 3
חייל 3.8,2026-06-11,home,,מחלקה 3
חייל 3.8,2026-06-12,home,,מחלקה 3
חייל 3.8,2026-06-13,home,,מחלקה 3
חייל 3.8,2026-06-14,home,,מחלקה 3
חייל 3.8,2026-06-15,home,שמירה,מחלקה 3
חייל 3.8,2026-06-16,home,,מחלקה 3
חייל 3.8,2026-06-17,home,,מחלקה 3
חייל 3.8,2026-06-18,switch-base,,מחלקה 3
חייל 3.9,2026-04-26,activity,תרגיל,מחלקה 3
חייל 3.9,2026-04-27,activity,,מחלקה 3
חייל 3.9,2026-04-28,activity,,מחלקה 3
חייל 3.9,2026-04-29,activity,,מחלקה 3
חייל 3.9,2026-04-30,activity,,מחלקה 3
חייל 3.9,2026-05-01,activity,,מחלקה 3
חייל 3.9,2026-05-02,activity,,מחלקה 3
חייל 3.9,2026-05-03,activity,,מחלקה 3
חייל 3.9,2026-05-04,activity,,מחלקה 3
חייל 3.9,2026-05-05,activity,,מחלקה 3
חייל 3.9,2026-05-06,activity,אבטחה,מחלקה 3
חייל 3.9,2026-05-07,activity,,מחלקה 3
חייל 3.9,2026-05-08,activity,הכשרה,מחלקה 3
חייל 3.9,2026-05-09,activity,,מחלקה 3
חייל 3.9,2026-05-10,activity,סריקות,מחלקה 3
חייל 3.9,2026-05-11,activity,,מחלקה 3
חייל 3.9,2026-05-12,activity,,מחלקה 3
חייל 3.9,2026-05-13,activity,,מחלקה 3
חייל 3.9,2026-05-14,activity,,מחלקה 3
חייל 3.9,2026-05-15,activity,,מחלקה 3
חייל 3.9,2026-05-16,activity,,מחלקה 3
חייל 3.9,2026-05-17,activity,,מחלקה 3
חייל 3.9,2026-05-18,activity,,מחלקה 3
חייל 3.9,2026-05-19,activity,,מחלקה 3
חייל 3.9,2026-05-20,switch-home,,מחלקה 3
חייל 3.9,2026-05-21,home,תרגיל,מחלקה 3
חייל 3.9,2026-05-22,home,,מחלקה 3
חייל 3.9,2026-05-23,home,,מחלקה 3
חייל 3.9,2026-05-24,home,,מחלקה 3
חייל 3.9,2026-05-25,home,,מחלקה 3
חייל 3.9,2026-05-26,home,,מחלקה 3
חייל 3.9,2026-05-27,home,,מחלקה 3
חייל 3.9,2026-05-28,home,דו״ח,מחלקה 3
חייל 3.9,2026-05-29,switch-base,,מחלקה 3
חייל 3.9,2026-05-30,activity,,מחלקה 3
חייל 3.9,2026-05-31,activity,,מחלקה 3
חייל 3.9,2026-06-01,activity,,מחלקה 3
חייל 3.9,2026-06-02,activity,,מחלקה 3
חייל 3.9,2026-06-03,activity,,מחלקה 3
חייל 3.9,2026-06-04,activity,,מחלקה 3
חייל 3.9,2026-06-05,activity,,מחלקה 3
חייל 3.9,2026-06-06,activity,,מחלקה 3
חייל 3.9,2026-06-07,activity,,מחלקה 3
חייל 3.9,2026-06-08,activity,,מחלקה 3
חייל 3.9,2026-06-09,switch-home,,מחלקה 3
חייל 3.9,2026-06-10,home,,מחלקה 3
חייל 3.9,2026-06-11,home,ביקורת ציוד,מחלקה 3
חייל 3.9,2026-06-12,home,,מחלקה 3
חייל 3.9,2026-06-13,home,,מחלקה 3
חייל 3.9,2026-06-14,home,,מחלקה 3
חייל 3.9,2026-06-15,home,,מחלקה 3
חייל 3.9,2026-06-16,home,,מחלקה 3
חייל 3.9,2026-06-17,home,,מחלקה 3
חייל 3.9,2026-06-18,switch-base,תרגיל,מחלקה 3
חייל 3.10,2026-04-26,activity,,מחלקה 3
חייל 3.10,2026-04-27,activity,דו״ח,מחלקה 3
חייל 3.10,2026-04-28,activity,תחזוקה,מחלקה 3
חייל 3.10,2026-04-29,activity,,מחלקה 3
חייל 3.10,2026-04-30,activity,,מחלקה 3
חייל 3.10,2026-05-01,activity,,מחלקה 3
חייל 3.10,2026-05-02,activity,,מחלקה 3
חייל 3.10,2026-05-03,activity,,מחלקה 3
חייל 3.10,2026-05-04,activity,,מחלקה 3
חייל 3.10,2026-05-05,activity,,מחלקה 3
חייל 3.10,2026-05-06,activity,,מחלקה 3
חייל 3.10,2026-05-07,activity,,מחלקה 3
חייל 3.10,2026-05-08,activity,,מחלקה 3
חייל 3.10,2026-05-09,activity,,מחלקה 3
חייל 3.10,2026-05-10,activity,,מחלקה 3
חייל 3.10,2026-05-11,activity,,מחלקה 3
חייל 3.10,2026-05-12,activity,,מחלקה 3
חייל 3.10,2026-05-13,activity,,מחלקה 3
חייל 3.10,2026-05-14,activity,,מחלקה 3
חייל 3.10,2026-05-15,activity,,מחלקה 3
חייל 3.10,2026-05-16,activity,תחזוקה,מחלקה 3
חייל 3.10,2026-05-17,activity,,מחלקה 3
חייל 3.10,2026-05-18,activity,שמירה,מחלקה 3
חייל 3.10,2026-05-19,activity,תרגיל,מחלקה 3
חייל 3.10,2026-05-20,switch-home,,מחלקה 3
חייל 3.10,2026-05-21,home,,מחלקה 3
חייל 3.10,2026-05-22,home,,מחלקה 3
חייל 3.10,2026-05-23,home,,מחלקה 3
חייל 3.10,2026-05-24,home,הכשרה,מחלקה 3
חייל 3.10,2026-05-25,home,,מחלקה 3
חייל 3.10,2026-05-26,home,,מחלקה 3
חייל 3.10,2026-05-27,home,,מחלקה 3
חייל 3.10,2026-05-28,home,,מחלקה 3
חייל 3.10,2026-05-29,switch-base,הכשרה,מחלקה 3
חייל 3.10,2026-05-30,activity,,מחלקה 3
חייל 3.10,2026-05-31,activity,,מחלקה 3
חייל 3.10,2026-06-01,activity,,מחלקה 3
חייל 3.10,2026-06-02,activity,,מחלקה 3
חייל 3.10,2026-06-03,activity,,מחלקה 3
חייל 3.10,2026-06-04,activity,,מחלקה 3
חייל 3.10,2026-06-05,activity,,מחלקה 3
חייל 3.10,2026-06-06,activity,,מחלקה 3
חייל 3.10,2026-06-07,activity,,מחלקה 3
חייל 3.10,2026-06-08,activity,,מחלקה 3
חייל 3.10,2026-06-09,switch-home,,מחלקה 3
חייל 3.10,2026-06-10,home,שמירה,מחלקה 3
חייל 3.10,2026-06-11,home,,מחלקה 3
חייל 3.10,2026-06-12,home,,מחלקה 3
חייל 3.10,2026-06-13,home,,מחלקה 3
חייל 3.10,2026-06-14,home,,מחלקה 3
חייל 3.10,2026-06-15,home,,מחלקה 3
חייל 3.10,2026-06-16,home,,מחלקה 3
חייל 3.10,2026-06-17,home,,מחלקה 3
חייל 3.10,2026-06-18,switch-base,,מחלקה 3
חייל 3.11,2026-04-26,activity,,מחלקה 3
חייל 3.11,2026-04-27,activity,,מחלקה 3
חייל 3.11,2026-04-28,activity,,מחלקה 3
חייל 3.11,2026-04-29,activity,,מחלקה 3
חייל 3.11,2026-04-30,activity,,מחלקה 3
חייל 3.11,2026-05-01,activity,,מחלקה 3
חייל 3.11,2026-05-02,activity,תחזוקה,מחלקה 3
חייל 3.11,2026-05-03,activity,,מחלקה 3
חייל 3.11,2026-05-04,activity,,מחלקה 3
חייל 3.11,2026-05-05,activity,,מחלקה 3
חייל 3.11,2026-05-06,activity,,מחלקה 3
חייל 3.11,2026-05-07,activity,דו״ח,מחלקה 3
חייל 3.11,2026-05-08,activity,,מחלקה 3
חייל 3.11,2026-05-09,activity,,מחלקה 3
חייל 3.11,2026-05-10,activity,,מחלקה 3
חייל 3.11,2026-05-11,activity,,מחלקה 3
חייל 3.11,2026-05-12,activity,,מחלקה 3
חייל 3.11,2026-05-13,activity,,מחלקה 3
חייל 3.11,2026-05-14,activity,תדריך,מחלקה 3
חייל 3.11,2026-05-15,activity,,מחלקה 3
חייל 3.11,2026-05-16,activity,,מחלקה 3
חייל 3.11,2026-05-17,activity,,מחלקה 3
חייל 3.11,2026-05-18,activity,,מחלקה 3
חייל 3.11,2026-05-19,activity,,מחלקה 3
חייל 3.11,2026-05-20,switch-home,,מחלקה 3
חייל 3.11,2026-05-21,home,,מחלקה 3
חייל 3.11,2026-05-22,home,,מחלקה 3
חייל 3.11,2026-05-23,home,,מחלקה 3
חייל 3.11,2026-05-24,home,,מחלקה 3
חייל 3.11,2026-05-25,home,,מחלקה 3
חייל 3.11,2026-05-26,home,,מחלקה 3
חייל 3.11,2026-05-27,home,,מחלקה 3
חייל 3.11,2026-05-28,home,,מחלקה 3
חייל 3.11,2026-05-29,switch-base,,מחלקה 3
חייל 3.11,2026-05-30,activity,,מחלקה 3
חייל 3.11,2026-05-31,activity,,מחלקה 3
חייל 3.11,2026-06-01,activity,,מחלקה 3
חייל 3.11,2026-06-02,activity,,מחלקה 3
חייל 3.11,2026-06-03,activity,,מחלקה 3
חייל 3.11,2026-06-04,activity,,מחלקה 3
חייל 3.11,2026-06-05,activity,תרגיל,מחלקה 3
חייל 3.11,2026-06-06,activity,,מחלקה 3
חייל 3.11,2026-06-07,activity,,מחלקה 3
חייל 3.11,2026-06-08,activity,תדריך,מחלקה 3
חייל 3.11,2026-06-09,switch-home,,מחלקה 3
חייל 3.11,2026-06-10,home,,מחלקה 3
חייל 3.11,2026-06-11,home,,מחלקה 3
חייל 3.11,2026-06-12,home,,מחלקה 3
חייל 3.11,2026-06-13,home,,מחלקה 3
חייל 3.11,2026-06-14,home,,מחלקה 3
חייל 3.11,2026-06-15,home,,מחלקה 3
חייל 3.11,2026-06-16,home,,מחלקה 3
חייל 3.11,2026-06-17,home,,מחלקה 3
חייל 3.11,2026-06-18,switch-base,,מחלקה 3
חייל 3.12,2026-04-26,activity,,מחלקה 3
חייל 3.12,2026-04-27,activity,,מחלקה 3
חייל 3.12,2026-04-28,activity,,מחלקה 3
חייל 3.12,2026-04-29,activity,,מחלקה 3
חייל 3.12,2026-04-30,activity,,מחלקה 3
חייל 3.12,2026-05-01,activity,,מחלקה 3
חייל 3.12,2026-05-02,activity,,מחלקה 3
חייל 3.12,2026-05-03,activity,,מחלקה 3
חייל 3.12,2026-05-04,activity,,מחלקה 3
חייל 3.12,2026-05-05,activity,,מחלקה 3
חייל 3.12,2026-05-06,activity,,מחלקה 3
חייל 3.12,2026-05-07,activity,,מחלקה 3
חייל 3.12,2026-05-08,activity,,מחלקה 3
חייל 3.12,2026-05-09,activity,,מחלקה 3
חייל 3.12,2026-05-10,activity,,מחלקה 3
חייל 3.12,2026-05-11,activity,,מחלקה 3
חייל 3.12,2026-05-12,activity,,מחלקה 3
חייל 3.12,2026-05-13,activity,,מחלקה 3
חייל 3.12,2026-05-14,activity,,מחלקה 3
חייל 3.12,2026-05-15,activity,,מחלקה 3
חייל 3.12,2026-05-16,activity,,מחלקה 3
חייל 3.12,2026-05-17,activity,,מחלקה 3
חייל 3.12,2026-05-18,activity,,מחלקה 3
חייל 3.12,2026-05-19,activity,תחזוקה,מחלקה 3
חייל 3.12,2026-05-20,switch-home,,מחלקה 3
חייל 3.12,2026-05-21,home,,מחלקה 3
חייל 3.12,2026-05-22,home,,מחלקה 3
חייל 3.12,2026-05-23,home,,מחלקה 3
חייל 3.12,2026-05-24,home,סריקות,מחלקה 3
חייל 3.12,2026-05-25,home,,מחלקה 3
חייל 3.12,2026-05-26,home,,מחלקה 3
חייל 3.12,2026-05-27,home,,מחלקה 3
חייל 3.12,2026-05-28,home,,מחלקה 3
חייל 3.12,2026-05-29,switch-base,,מחלקה 3
חייל 3.12,2026-05-30,activity,,מחלקה 3
חייל 3.12,2026-05-31,activity,,מחלקה 3
חייל 3.12,2026-06-01,activity,,מחלקה 3
חייל 3.12,2026-06-02,activity,,מחלקה 3
חייל 3.12,2026-06-03,activity,,מחלקה 3
חייל 3.12,2026-06-04,activity,,מחלקה 3
חייל 3.12,2026-06-05,activity,סריקות,מחלקה 3
חייל 3.12,2026-06-06,activity,,מחלקה 3
חייל 3.12,2026-06-07,activity,,מחלקה 3
חייל 3.12,2026-06-08,activity,,מחלקה 3
חייל 3.12,2026-06-09,switch-home,,מחלקה 3
חייל 3.12,2026-06-10,home,,מחלקה 3
חייל 3.12,2026-06-11,home,הכשרה,מחלקה 3
חייל 3.12,2026-06-12,home,,מחלקה 3
חייל 3.12,2026-06-13,home,,מחלקה 3
חייל 3.12,2026-06-14,home,אבטחה,מחלקה 3
חייל 3.12,2026-06-15,home,,מחלקה 3
חייל 3.12,2026-06-16,home,,מחלקה 3
חייל 3.12,2026-06-17,home,אבטחה,מחלקה 3
חייל 3.12,2026-06-18,switch-base,,מחלקה 3
